vibration_mm_s,temperature_c,pressure_bar,rotational_speed_rpm,oil_viscosity_cst,current_draw_amps,humidity_pct,age_days,maintenance_lag_days,failure_within_7days
2.897,55.92,3.943,1576.5,50.87,11.713,30.4,333,265,0
2.389,66.4,4.185,1607.3,35.61,11.935,61.7,372,71,0
3.018,70.86,4.029,1549.9,43.36,12.129,35.7,1231,316,0
3.718,93.88,4.226,1305.8,44.79,13.894,63.0,1253,20,1
2.313,80.57,4.393,1484.5,45.08,10.506,76.3,581,187,0
2.313,61.65,4.919,1384.4,45.9,10.307,78.5,1166,120,0
3.763,79.86,4.339,1479.7,48.05,14.473,41.8,1742,341,1
3.114,59.53,3.707,1598.0,44.82,11.075,70.5,686,140,0
2.124,85.83,5.07,1530.5,43.16,9.474,47.7,709,303,0
2.934,70.29,4.081,1614.8,42.96,11.03,75.0,1355,203,0
2.129,74.06,4.471,1534.2,41.94,11.34,69.4,928,208,0
2.127,88.26,4.723,1370.2,48.94,15.11,33.7,1733,8,0
2.694,62.13,4.6,1247.9,41.77,13.85,50.4,740,184,0
0.969,61.03,5.047,1514.9,49.23,14.295,46.9,271,295,0
1.12,69.16,4.74,1478.6,45.09,13.64,69.3,711,331,0
2.05,85.38,4.069,1402.3,42.39,13.892,50.5,325,200,0
1.69,59.81,5.589,1329.9,48.09,10.624,64.2,990,63,0
2.751,46.68,4.597,1426.5,41.36,11.603,60.1,1551,349,0
1.774,70.49,4.426,1480.6,48.19,10.02,78.8,798,325,0
1.37,80.52,4.982,1566.6,46.06,11.579,76.9,920,319,0
3.673,87.0,4.625,1518.9,42.02,13.368,51.4,1752,24,1
2.319,70.37,4.7,1660.8,47.64,12.269,66.2,547,155,0
2.554,70.89,5.746,1396.4,47.73,14.623,71.5,1093,220,0
1.36,86.54,4.362,1588.1,50.79,9.717,74.9,908,291,0
2.064,56.3,4.341,1504.7,49.83,13.0,33.4,212,138,0
2.589,71.11,4.558,1569.5,47.46,9.503,45.1,1582,20,0
1.579,76.9,5.036,1456.3,39.36,12.188,46.0,1406,153,0
2.801,79.49,3.747,1607.2,57.24,13.481,51.7,1784,67,0
2.019,69.9,3.517,1529.5,37.98,11.571,38.5,1444,40,0
2.267,75.34,4.206,1432.1,49.75,13.102,54.8,597,14,0
2.019,50.12,3.683,1498.8,47.16,10.081,63.2,48,278,0
3.982,68.42,4.288,1476.0,39.13,8.673,54.9,231,168,1
2.489,79.54,4.751,1548.9,44.38,13.114,63.3,579,133,0
1.654,65.18,4.055,1382.0,44.61,15.488,33.3,1501,198,0
3.158,75.59,3.787,1497.1,51.53,10.008,73.8,950,237,0
1.523,79.47,4.535,1539.5,41.43,14.444,77.0,1113,111,0
2.667,71.57,4.931,1503.3,43.69,12.087,60.9,1755,51,0
0.932,76.7,3.653,1634.7,33.32,9.329,74.1,932,136,0
1.437,65.37,4.91,1577.4,53.67,9.737,36.6,52,254,0
2.657,72.93,4.909,1499.3,39.65,12.032,69.9,1558,114,0
3.091,81.1,4.977,1521.7,46.63,11.191,36.0,422,157,0
2.637,76.57,5.109,1529.6,44.49,9.374,50.4,611,299,0
2.407,69.13,5.601,1540.3,44.51,8.612,46.2,446,263,0
2.259,77.24,4.322,1317.4,49.05,10.307,59.3,961,354,0
1.317,82.15,4.555,1469.8,53.36,12.388,45.1,131,306,0
1.924,54.5,4.292,1351.6,46.26,11.987,61.9,600,98,0
2.131,86.59,4.501,1627.8,48.28,10.998,48.4,1672,120,0
3.346,71.64,5.266,1493.9,46.64,12.404,73.0,374,89,0
2.775,79.25,3.827,1480.7,50.09,14.08,61.7,551,29,0
1.09,86.97,4.069,1589.7,42.69,12.788,40.8,530,229,0
2.759,61.28,5.189,1542.2,50.38,11.757,46.8,1129,138,0
2.192,67.91,5.01,1387.1,50.55,13.856,72.4,387,253,0
1.958,72.11,4.318,1492.9,50.41,10.08,49.3,1682,30,0
2.989,67.16,4.927,1466.5,41.7,11.55,56.8,336,161,0
3.325,92.35,4.671,1325.5,44.16,11.598,62.4,736,155,0
3.245,66.43,5.25,1431.0,46.2,9.526,47.4,1141,322,0
1.829,69.44,4.537,1481.6,38.15,11.16,44.7,1025,116,0
2.253,77.04,5.013,1488.5,52.97,7.85,53.8,1653,190,0
2.765,62.98,5.821,1351.8,44.94,15.824,40.7,896,175,0
3.28,71.04,4.799,1615.2,46.42,10.125,44.2,538,4,0
2.117,78.17,4.525,1489.8,42.11,15.172,33.1,1460,332,0
2.351,71.67,4.861,1503.8,38.37,12.076,45.2,496,11,0
1.615,74.07,4.317,1540.1,41.98,13.13,46.0,1036,58,0
1.543,69.71,5.694,1421.2,46.1,11.022,78.1,1318,320,0
3.15,59.86,4.59,1545.6,48.37,12.416,59.5,508,307,0
3.585,78.22,4.364,1463.3,45.81,13.301,69.4,681,298,0
2.442,92.55,4.082,1410.3,46.73,13.329,32.3,565,249,0
3.303,75.18,5.049,1557.3,43.31,13.55,35.3,781,338,0
2.789,77.25,4.934,1649.2,47.48,11.263,70.7,760,92,0
1.984,81.93,4.251,1572.5,52.41,11.039,61.2,128,318,0
2.789,62.31,4.788,1592.3,48.52,8.812,39.5,1100,110,0
3.73,92.03,3.746,1447.9,49.05,13.046,50.2,1293,305,1
2.471,77.02,4.592,1340.2,46.47,14.165,56.9,146,294,0
3.752,91.32,4.726,1649.0,37.48,15.232,72.2,1427,335,1
0.404,67.67,5.354,1705.5,39.78,12.61,33.0,499,16,0
3.158,93.18,4.115,1654.3,47.27,10.467,59.8,966,219,0
2.57,82.75,3.861,1466.4,44.95,8.606,65.9,560,298,0
2.261,80.53,4.052,1384.5,47.2,14.083,78.9,1223,304,0
2.573,77.34,3.832,1393.4,53.38,8.407,70.4,1607,4,0
0.91,72.51,5.168,1331.6,48.63,11.319,43.8,924,128,0
2.324,87.01,5.274,1489.3,51.29,11.551,65.5,1527,322,0
2.786,76.4,4.66,1660.6,45.47,11.861,68.2,1628,111,0
3.682,55.33,5.111,1485.8,40.96,12.072,66.5,403,23,0
2.085,63.83,4.567,1530.2,44.71,12.276,71.0,976,28,0
1.853,73.14,4.452,1637.6,40.98,7.169,75.2,1233,131,0
2.099,78.1,4.333,1459.6,52.79,12.029,34.9,342,43,0
3.232,74.43,4.345,1703.6,48.95,7.541,35.2,1072,320,0
2.763,87.19,3.726,1699.2,47.6,13.464,69.8,541,206,0
2.076,55.49,4.632,1486.9,51.18,10.89,42.6,1200,215,0
2.911,76.44,4.48,1442.2,34.9,7.686,32.9,511,243,0
2.578,56.82,4.873,1569.7,47.94,10.372,50.1,19,30,0
3.275,82.6,4.547,1465.2,38.45,10.86,71.0,495,265,0
1.938,74.06,4.419,1384.3,44.96,14.381,36.3,355,10,0
2.238,79.2,4.064,1628.1,43.44,12.393,63.6,559,81,0
2.186,66.36,4.536,1621.6,48.31,12.689,30.2,345,155,0
1.329,87.79,4.869,1515.6,46.14,14.362,35.5,1084,165,0
2.737,85.42,3.928,1373.7,51.73,11.808,47.5,688,207,0
2.709,80.84,4.544,1377.0,41.99,13.508,34.2,1791,23,0
2.504,73.7,4.617,1510.7,48.55,13.368,72.3,229,294,0
2.312,80.8,4.141,1450.0,45.81,9.427,73.2,147,178,0
1.368,67.93,4.206,1465.9,36.82,14.946,67.8,1322,331,0
2.163,83.56,4.615,1602.2,40.41,9.159,42.1,1357,49,0
2.226,91.49,3.933,1573.3,44.25,13.835,56.2,1775,6,0
1.858,85.71,4.675,1637.8,50.56,8.966,39.2,332,99,0
2.371,67.7,4.052,1400.9,47.32,13.202,44.1,433,80,0
2.823,78.61,5.031,1465.7,39.16,15.724,55.8,399,240,0
4.009,62.07,5.669,1575.9,44.3,11.574,66.8,1724,323,1
2.64,80.72,4.07,1544.8,55.09,11.487,34.7,836,180,0
2.706,79.51,4.767,1653.2,45.56,13.221,44.8,1359,292,0
2.44,56.3,4.137,1542.1,43.36,11.341,76.3,1233,82,0
0.965,63.38,5.02,1684.8,47.46,15.637,51.5,1435,53,0
2.479,72.17,3.867,1554.0,48.82,12.384,76.9,587,89,0
2.548,71.99,4.74,1606.2,42.72,11.36,79.6,1719,202,0
4.471,62.91,4.064,1467.6,47.51,10.919,56.3,599,30,1
2.346,78.89,4.397,1501.4,43.36,10.134,44.4,1295,192,0
2.741,77.51,3.984,1591.1,48.6,10.744,69.5,1204,99,0
2.472,73.06,4.911,1661.3,45.85,11.299,38.0,1439,348,0
1.565,67.44,4.082,1572.9,47.41,11.025,42.6,757,88,0
3.414,85.49,4.776,1491.7,41.2,10.684,69.2,346,122,0
3.102,91.55,4.328,1637.7,40.89,16.198,51.7,1543,46,1
3.133,70.16,4.443,1280.8,49.73,9.94,40.1,1805,145,0
1.772,68.88,4.574,1357.8,44.6,12.293,62.6,1462,2,0
3.622,79.91,4.119,1568.2,46.43,13.185,66.6,1037,17,1
1.379,71.42,4.605,1501.4,43.47,13.26,36.3,1428,313,0
2.969,73.61,5.265,1560.6,49.49,11.883,43.8,738,326,0
4.252,82.4,4.111,1506.4,41.96,11.519,41.1,1802,80,1
1.708,55.91,5.086,1557.1,44.32,12.903,49.0,1778,152,0
2.047,88.18,5.249,1418.6,48.93,12.533,68.2,380,307,0
2.58,75.73,4.092,1557.0,50.86,11.482,65.7,1716,298,0
2.097,70.89,3.772,1599.4,42.38,8.876,63.1,421,66,0
1.259,74.11,4.651,1622.1,54.8,11.064,30.3,1204,88,0
2.555,74.62,4.226,1701.4,46.57,9.707,37.1,1662,134,0
1.65,57.69,5.434,1524.4,39.79,10.666,41.2,1011,201,0
2.879,89.95,4.517,1527.4,46.85,12.066,43.6,1307,178,0
1.764,75.41,4.099,1347.7,43.09,12.717,37.3,418,338,0
3.74,79.43,3.926,1446.9,47.17,15.561,50.5,356,78,1
1.873,84.52,5.045,1480.7,44.79,10.925,33.8,1726,84,0
2.242,64.79,4.214,1605.0,45.37,13.549,67.5,16,20,0
3.151,79.73,4.522,1438.9,40.44,12.612,69.4,315,164,0
1.515,72.32,4.978,1579.6,49.95,14.592,58.7,533,27,0
2.682,83.47,4.258,1499.8,39.22,13.152,34.5,1040,236,0
3.546,53.73,4.477,1482.3,39.46,9.983,74.5,1489,287,0
1.214,74.01,4.492,1524.9,46.84,8.554,78.3,1487,184,0
2.648,68.97,4.842,1460.9,53.01,12.623,40.1,1805,309,0
2.708,79.32,4.795,1457.1,43.24,10.943,65.2,545,154,0
3.125,79.7,4.39,1329.5,48.5,10.039,72.1,694,122,0
1.51,67.92,4.532,1475.2,50.37,9.465,57.0,69,86,0
1.444,67.88,4.314,1452.0,49.07,12.322,46.2,411,201,0
2.918,73.89,3.761,1448.4,43.44,15.015,53.9,1076,39,0
2.738,66.03,4.629,1541.7,39.54,11.183,55.6,1089,168,0
2.7,83.42,5.446,1565.9,33.96,13.181,50.0,812,69,0
2.777,71.31,4.058,1523.2,43.69,11.795,76.5,919,279,0
1.956,45.93,4.113,1599.5,50.89,9.421,67.2,847,329,0
2.686,71.25,4.065,1557.6,39.38,13.47,42.1,740,353,0
2.734,64.61,4.862,1470.5,48.5,9.811,59.3,1491,327,0
1.929,58.69,4.724,1453.7,40.25,12.043,64.4,1758,26,0
3.993,62.63,4.421,1531.3,45.53,11.317,37.0,1296,344,1
2.879,76.09,4.041,1557.4,48.54,13.786,47.9,439,130,0
1.547,88.29,4.546,1639.8,41.7,9.884,75.3,530,276,0
3.025,78.13,3.718,1619.1,45.85,12.782,58.4,730,294,0
1.72,68.93,4.572,1445.9,42.92,10.32,40.8,273,287,0
3.13,79.56,4.936,1489.8,48.53,10.978,36.1,459,253,0
3.427,70.41,3.874,1567.1,46.18,4.73,55.9,820,84,0
1.843,68.05,3.734,1606.8,45.28,16.184,57.4,1197,8,0
3.271,63.46,5.29,1593.9,52.79,13.101,46.7,568,49,0
2.83,57.48,4.194,1493.6,48.31,10.465,61.5,861,0,0
3.158,71.1,5.068,1374.6,41.55,9.751,33.4,1545,3,0
4.017,76.58,4.423,1400.1,44.57,11.009,37.3,497,3,0
2.304,74.03,4.419,1527.3,44.62,13.434,57.3,795,89,0
1.897,70.84,4.719,1534.2,45.4,8.216,33.1,805,161,0
1.788,65.54,4.058,1390.1,57.62,11.717,74.0,1558,154,0
1.847,81.08,4.566,1504.5,46.85,15.541,37.1,1096,14,0
2.438,61.83,4.309,1563.1,34.82,9.732,63.7,934,364,0
2.773,82.76,3.84,1384.9,42.29,12.161,49.6,992,31,0
2.721,64.98,4.669,1610.5,35.34,16.407,50.0,840,62,0
3.162,67.48,4.368,1462.2,43.35,13.264,68.2,1196,363,0
2.51,60.33,4.421,1625.8,35.06,12.252,55.0,635,107,0
3.663,69.99,3.895,1446.7,40.64,13.013,66.3,603,13,1
2.288,84.75,5.296,1397.3,37.4,11.198,55.3,736,22,0
4.676,80.16,4.938,1454.2,46.92,14.599,59.6,1316,110,0
3.001,84.78,4.982,1490.5,45.0,11.201,68.0,1276,320,0
1.814,80.22,4.347,1461.2,46.51,8.082,60.4,1433,159,0
1.643,63.96,3.635,1478.4,44.48,11.217,60.8,991,40,0
2.886,71.69,5.476,1533.4,38.03,10.067,69.5,367,281,0
2.321,67.2,4.469,1482.9,47.57,11.438,77.5,256,303,0
3.071,88.31,4.126,1493.4,54.61,11.482,48.8,1549,143,0
2.879,63.03,4.708,1329.1,47.05,14.395,58.9,440,287,0
2.442,83.94,5.084,1539.2,42.87,13.391,34.3,1359,152,0
1.823,83.93,4.488,1491.1,37.86,12.527,47.9,1654,81,0
1.288,93.3,5.139,1661.0,40.46,11.994,50.6,435,364,0
2.143,70.9,5.041,1406.0,47.27,9.882,71.8,690,225,0
3.185,82.12,3.962,1319.2,50.37,7.638,55.7,1485,151,0
2.671,97.82,4.163,1561.8,46.3,12.226,66.6,308,258,0
1.503,68.82,4.979,1534.7,49.0,13.589,31.0,1697,317,0
2.639,59.65,3.144,1399.2,48.54,11.783,53.2,1119,78,0
2.808,56.2,4.425,1347.0,47.53,10.93,75.1,409,194,0
1.793,82.13,3.785,1653.7,41.71,12.929,41.2,826,222,0
2.623,56.17,4.262,1641.4,45.87,11.833,31.6,1192,265,0
2.547,71.28,4.351,1251.3,40.76,15.371,51.7,87,229,0
1.586,79.37,4.321,1454.2,45.09,14.465,65.2,3,149,0
2.786,76.85,4.224,1666.4,46.65,13.919,52.7,372,135,0
2.949,79.25,3.951,1452.4,53.39,13.515,53.0,1552,122,0
3.366,77.22,5.646,1450.9,38.45,9.42,63.5,642,357,0
3.343,87.79,5.434,1471.7,47.41,13.326,42.7,1047,109,0
1.398,65.48,3.919,1387.9,52.41,12.753,67.6,98,142,0
1.75,68.23,5.291,1329.5,48.79,13.213,37.7,670,69,0
2.912,67.27,4.3,1605.3,49.16,12.985,49.8,1775,53,0
2.911,83.3,4.565,1315.7,47.94,12.906,62.8,1546,331,0
2.912,84.0,4.468,1524.7,51.49,17.402,71.4,321,39,0
5.582,79.51,4.17,1588.7,39.56,11.848,69.6,534,196,1
2.957,86.83,4.992,1354.9,38.07,13.873,66.1,820,26,0
3.408,63.22,4.563,1407.6,44.97,11.058,48.0,367,329,0
3.263,91.67,4.262,1621.3,34.19,13.581,36.1,1208,298,0
3.021,90.23,3.848,1553.3,51.15,13.879,40.8,417,179,0
2.248,82.36,4.053,1438.3,51.1,12.729,73.2,729,45,0
3.107,92.82,3.679,1620.2,42.83,15.338,72.9,1238,141,0
1.882,58.43,4.506,1620.7,43.15,10.231,77.6,848,319,0
2.311,69.76,3.902,1526.9,44.64,11.026,33.8,670,97,0
2.112,67.65,4.367,1410.0,45.26,12.425,56.8,1234,125,0
2.565,82.21,5.185,1458.7,45.64,13.762,62.4,133,57,0
4.352,64.5,5.1,1528.6,47.79,12.359,65.5,53,176,0
1.006,82.57,4.484,1481.1,44.14,14.572,62.2,741,206,0
3.049,88.71,4.456,1593.9,49.72,10.677,68.5,695,284,0
1.21,81.95,5.44,1347.0,47.23,9.719,48.0,23,153,0
2.122,77.84,4.76,1350.6,41.97,12.616,39.0,1130,26,0
3.371,65.12,4.336,1518.1,51.68,11.846,40.2,1627,322,0
2.551,66.53,3.787,1450.8,38.21,13.086,30.6,1655,162,0
1.638,87.5,4.697,1437.3,44.54,11.945,47.5,460,249,0
1.928,82.79,4.915,1323.2,49.83,11.32,34.6,650,187,0
3.044,74.61,4.184,1502.0,41.38,11.85,46.1,482,333,0
1.916,70.82,4.646,1494.7,46.55,12.058,61.4,120,89,0
2.673,54.74,4.318,1565.3,47.72,11.39,74.7,673,130,0
2.536,64.29,4.408,1506.9,40.7,11.594,72.0,208,297,0
1.979,94.11,3.256,1486.7,44.64,11.193,42.6,318,12,1
4.215,62.2,4.389,1617.7,44.22,13.713,36.7,338,28,0
3.007,76.89,4.985,1368.8,42.24,12.388,39.7,155,264,0
0.88,85.07,4.184,1553.6,56.51,16.514,78.5,1799,31,0
2.649,62.45,4.526,1332.9,41.18,12.321,57.5,868,149,0
1.971,76.85,4.122,1416.2,50.02,10.898,39.1,1179,85,0
3.182,84.38,4.68,1378.7,43.04,17.341,72.0,394,57,0
1.866,75.12,4.392,1578.2,39.57,12.827,49.8,505,56,0
2.408,103.68,4.03,1493.5,45.51,13.98,75.0,971,24,0
2.904,58.31,5.166,1498.6,48.25,13.184,43.0,313,189,0
3.193,85.59,4.964,1389.3,49.6,13.246,49.7,1822,75,0
1.54,73.27,4.198,1470.0,52.81,13.071,55.2,1283,338,0
2.232,82.72,4.749,1423.7,59.73,9.796,74.6,1181,224,0
2.12,79.41,4.769,1538.3,46.25,12.735,73.4,14,182,0
1.977,67.67,4.821,1400.9,41.68,9.35,58.7,77,153,0
3.912,77.29,3.653,1633.0,47.26,11.651,41.1,1363,268,1
2.824,56.42,5.003,1332.4,43.67,10.549,50.2,409,277,0
1.491,81.03,4.215,1419.3,49.63,12.715,78.8,394,339,0
3.234,77.98,4.321,1667.7,38.51,12.668,60.4,220,362,0
4.198,81.39,5.819,1456.5,56.84,12.962,69.1,744,22,0
3.326,85.58,4.651,1368.5,49.28,12.575,52.5,433,13,0
1.285,78.68,4.307,1521.9,36.58,10.786,56.6,806,93,0
2.113,76.48,3.397,1452.5,41.45,11.478,51.4,1479,342,0
3.514,66.19,5.195,1416.4,49.08,13.841,65.1,1678,51,1
1.934,67.88,3.827,1390.4,50.88,14.136,72.6,1787,338,0
2.855,86.87,3.998,1776.8,38.64,9.706,55.4,1164,40,0
3.12,89.36,4.334,1474.8,48.57,8.938,54.0,988,163,0
1.758,72.62,5.208,1307.4,35.26,10.546,47.0,1522,5,0
2.452,75.46,4.887,1649.4,44.55,14.09,38.9,654,137,0
-0.093,65.95,4.421,1561.1,50.56,14.43,77.0,1665,98,0
1.68,86.73,4.654,1423.4,42.24,10.151,45.8,817,340,0
2.298,81.65,4.2,1406.7,37.47,12.615,70.0,1554,223,0
1.502,94.41,4.57,1567.3,45.73,15.669,65.8,755,315,0
3.806,66.22,4.537,1475.3,41.98,12.831,69.5,676,29,1
1.356,71.22,4.984,1307.4,48.15,14.843,76.8,832,224,0
2.148,77.31,4.984,1678.7,40.57,13.997,61.2,1120,325,0
2.605,81.46,4.747,1456.6,41.14,10.18,74.9,28,260,0
3.653,72.84,4.319,1649.6,34.89,11.62,38.4,988,246,0
1.351,66.27,4.871,1627.8,45.85,12.07,61.3,1254,78,0
3.431,83.81,4.454,1399.9,44.2,12.208,68.6,416,184,0
2.508,82.21,3.959,1603.3,39.06,13.833,43.6,1480,298,0
1.715,65.84,4.298,1434.9,45.97,12.817,67.0,25,179,0
2.87,88.55,4.542,1313.3,50.14,6.128,68.9,1711,76,0
2.659,86.7,4.955,1457.5,43.92,9.374,71.6,1428,261,0
2.02,76.34,4.408,1539.8,46.34,7.625,45.6,673,228,0
2.556,75.8,3.895,1453.7,46.37,12.351,64.1,542,1,0
2.192,80.54,4.528,1469.3,38.98,12.481,45.2,165,16,0
2.591,66.38,4.557,1614.4,55.28,12.566,67.0,208,343,0
3.03,75.3,4.593,1510.6,42.65,10.082,53.1,949,11,0
3.769,53.48,4.96,1415.7,48.28,13.348,59.9,985,181,0
1.51,83.76,5.009,1570.2,48.85,13.433,50.8,614,333,0
4.206,59.39,4.203,1519.8,44.3,9.49,38.1,373,6,0
0.938,90.03,4.192,1247.8,48.03,9.068,38.9,618,245,0
2.379,71.7,3.98,1542.8,46.23,12.0,33.9,69,156,0
2.971,72.88,4.849,1539.2,37.91,15.584,60.9,1544,173,0
2.725,68.72,5.224,1502.0,43.34,15.399,72.4,1659,328,0
2.002,72.12,4.342,1589.2,41.94,13.127,31.0,1377,333,0
2.334,89.19,4.379,1432.8,42.69,10.54,33.3,101,180,0
2.106,50.12,5.233,1533.6,38.48,13.774,52.9,1,280,0
2.029,87.77,4.753,1343.3,50.63,11.095,66.9,351,308,0
3.18,78.38,4.718,1540.7,53.01,10.465,37.9,7,236,0
2.786,62.93,3.905,1695.3,49.89,7.712,43.6,318,156,0
1.946,64.25,4.839,1400.5,51.35,12.205,41.6,623,250,0
3.22,91.76,4.035,1424.0,43.28,10.74,50.0,509,220,0
2.746,65.54,3.933,1429.0,41.82,12.193,41.2,186,337,0
3.15,63.47,4.327,1513.0,41.11,7.401,47.6,728,222,0
3.004,86.37,4.207,1393.7,48.22,12.34,66.4,462,210,0
1.837,78.39,4.389,1542.1,46.14,7.138,60.6,343,336,0
2.052,65.62,3.78,1584.7,44.61,14.176,34.1,635,133,0
3.098,77.17,4.979,1553.4,51.48,13.044,61.9,713,331,0
2.988,64.74,5.064,1323.2,47.02,11.443,53.9,1032,258,0
2.483,86.01,3.526,1599.5,40.81,13.125,76.7,576,34,0
2.594,85.61,4.989,1593.7,41.6,10.044,44.5,136,182,0
3.522,80.32,4.095,1583.0,48.41,12.145,66.3,383,302,1
2.027,78.62,4.928,1537.3,50.21,13.59,66.5,186,160,0
2.938,92.61,4.466,1522.0,47.76,5.811,41.1,639,92,0
2.338,75.0,4.514,1603.2,54.48,11.106,75.2,928,196,0
2.326,63.18,4.407,1692.4,53.18,11.955,54.6,1396,314,0
3.379,79.49,5.106,1404.7,47.21,11.607,63.9,964,205,0
3.16,95.86,3.88,1607.8,40.81,14.914,37.3,561,351,1
3.151,64.85,4.804,1491.4,38.45,9.752,42.9,1190,17,0
3.544,71.39,5.051,1487.0,43.06,10.758,59.3,898,233,0
2.517,79.16,4.858,1346.3,48.77,8.168,46.0,639,332,0
3.046,74.46,5.662,1471.5,54.13,15.021,55.0,321,65,0
2.252,65.18,4.236,1400.3,47.09,11.507,48.7,1713,243,0
2.759,86.22,4.979,1453.6,50.84,11.123,62.0,1739,275,0
2.396,98.2,4.447,1390.2,43.77,11.895,54.4,1181,198,0
2.578,76.96,5.117,1455.1,48.11,13.272,30.2,858,17,0
2.976,65.96,4.496,1459.4,49.12,12.695,62.5,1755,71,0
1.845,59.51,4.306,1509.7,35.1,17.296,51.1,998,154,0
4.174,77.58,5.153,1338.5,42.93,12.908,47.1,285,169,0
1.695,86.04,4.254,1355.4,49.75,11.07,34.7,1052,321,0
1.529,79.75,3.794,1536.2,46.37,10.877,41.0,351,354,0
3.426,74.98,4.242,1420.3,39.02,11.214,41.2,83,281,0
3.133,69.11,4.81,1607.5,32.85,8.996,76.8,1648,150,0
2.999,64.08,5.196,1522.5,43.17,12.08,51.6,666,260,0
3.003,83.35,4.556,1560.7,44.64,13.567,32.1,1394,79,0
2.49,84.14,5.159,1641.1,40.58,10.773,36.9,541,105,0
1.782,59.54,3.821,1469.0,45.72,10.385,34.0,1419,10,0
2.561,90.9,4.278,1442.6,47.53,15.032,59.4,480,207,0
1.958,80.74,4.356,1587.2,48.35,9.147,39.3,213,129,0
3.28,89.0,4.443,1551.0,33.22,7.864,54.9,1638,170,0
2.382,61.58,4.542,1481.3,38.43,9.694,48.5,930,32,0
1.84,61.34,4.845,1639.1,43.48,8.919,70.2,360,23,0
2.243,73.51,4.278,1478.8,47.86,12.772,46.0,214,196,0
2.83,80.03,4.57,1503.3,47.45,11.279,52.9,304,45,0
2.049,92.96,4.477,1502.1,47.36,11.561,66.1,1179,273,0
1.842,82.06,4.037,1406.5,43.08,14.306,51.7,1404,230,0
2.695,72.57,4.443,1507.8,43.36,10.617,69.7,200,132,0
2.696,64.74,4.428,1639.7,41.36,13.55,63.1,1704,263,0
2.094,87.3,4.417,1544.5,48.84,15.023,50.5,238,84,0
2.123,65.35,4.516,1503.1,40.4,11.089,55.2,671,312,0
2.686,91.28,4.538,1483.8,49.25,13.474,78.4,1729,4,0
1.342,72.16,4.284,1533.1,46.04,11.516,63.1,1191,268,0
1.374,90.91,5.136,1575.0,44.77,13.848,75.2,1250,338,0
1.925,81.79,3.915,1560.9,41.72,8.857,38.9,879,220,0
2.329,73.63,4.14,1466.8,38.22,8.709,54.2,251,193,0
2.749,69.81,5.89,1532.5,41.76,11.217,75.4,1304,345,0
3.68,71.59,3.981,1548.0,43.35,10.222,46.1,476,68,0
3.186,79.28,3.823,1399.3,33.15,10.967,78.4,498,287,0
2.372,75.77,4.867,1516.8,44.01,11.561,34.9,978,357,0
2.485,69.06,3.461,1283.9,49.62,13.44,75.1,1757,175,0
1.698,73.34,4.382,1548.3,47.84,11.185,52.3,1559,324,0
2.485,75.79,5.573,1566.0,42.52,10.352,33.7,997,238,0
2.269,53.71,3.728,1574.8,45.23,11.297,74.0,701,178,0
2.758,79.58,3.509,1460.5,42.22,10.462,42.6,1435,255,0
1.838,65.2,3.75,1530.9,45.74,10.132,31.1,784,210,0
2.915,63.47,4.949,1642.4,52.7,8.774,36.8,429,226,0
3.726,58.13,5.062,1641.4,49.84,12.139,63.0,539,71,0
2.413,57.06,4.244,1497.1,47.6,10.863,78.9,901,64,0
2.821,61.45,4.842,1513.9,42.54,13.933,35.6,1467,165,0
3.052,67.91,5.195,1611.1,48.75,9.105,53.1,968,213,0
2.179,94.53,5.394,1349.9,36.57,10.916,39.0,210,16,0
2.679,69.74,4.377,1467.7,43.74,15.626,67.3,1571,335,0
2.51,76.78,3.349,1633.6,47.92,10.121,35.9,1734,172,0
2.578,79.0,4.09,1597.5,48.7,11.527,42.0,491,128,0
1.882,76.31,4.287,1536.9,48.35,9.568,39.8,471,2,0
2.52,74.23,4.371,1349.4,46.47,9.303,57.6,1710,247,0
2.898,63.05,4.406,1495.0,44.02,15.095,73.7,1754,69,0
3.661,89.51,5.059,1441.0,47.69,12.342,55.6,568,51,1
3.267,93.07,5.137,1533.1,40.24,12.267,32.9,664,258,0
4.223,58.17,4.414,1419.1,40.78,8.607,58.2,1487,238,1
1.886,64.76,5.049,1397.4,45.31,12.717,69.9,550,93,0
3.198,72.2,4.679,1293.5,45.87,14.315,36.6,1501,46,0
2.647,65.35,4.532,1622.2,35.87,14.299,33.6,198,74,0
4.252,80.06,4.953,1460.0,47.28,13.337,39.4,521,90,0
1.853,67.72,4.536,1515.7,48.86,9.741,67.3,1523,85,0
1.828,96.65,5.529,1499.8,44.61,12.626,59.6,1535,5,1
2.02,86.91,3.781,1393.3,56.87,13.335,57.0,1714,229,0
0.801,77.13,4.242,1374.1,41.59,8.411,42.5,1349,350,0
2.079,85.27,4.437,1399.5,43.19,9.757,46.6,688,316,0
1.893,86.06,4.72,1427.7,43.02,13.776,78.3,467,42,0
2.62,69.36,5.134,1536.7,44.62,13.752,42.0,1797,311,0
2.773,66.84,4.488,1420.4,43.36,8.903,75.1,596,197,0
4.001,75.78,3.789,1674.6,37.97,13.59,59.0,139,302,1
3.26,83.62,4.921,1602.7,42.27,12.191,36.2,1015,181,0
2.038,76.39,4.877,1580.8,44.51,13.562,53.4,242,168,0
1.781,59.23,3.529,1488.0,51.14,10.731,77.4,316,202,0
2.894,66.97,4.498,1651.4,56.01,13.29,50.9,667,193,0
1.444,74.26,3.705,1478.2,51.68,13.688,73.2,733,30,0
3.965,74.24,4.168,1496.9,41.12,11.297,42.8,135,101,0
3.444,94.73,4.049,1517.0,41.52,12.036,58.5,1212,63,0
2.125,61.14,4.905,1570.2,44.2,10.703,72.2,1714,345,0
1.129,80.06,4.558,1563.7,53.92,15.303,76.0,579,90,0
3.583,89.89,3.857,1452.5,44.17,11.759,54.3,1093,249,0
2.408,97.71,4.94,1446.7,38.36,10.156,62.0,439,182,0
3.49,70.96,3.783,1564.0,42.49,10.568,30.1,77,301,0
1.224,79.91,4.665,1571.5,48.79,12.254,42.7,400,350,0
2.02,80.7,4.093,1460.7,48.45,13.507,43.9,374,279,0
2.504,76.95,4.317,1341.3,44.0,9.328,34.7,1036,204,0
2.538,74.01,4.752,1479.3,48.42,15.695,44.0,1511,88,0
2.14,79.36,4.761,1562.4,33.63,12.617,46.1,1819,292,0
2.998,49.68,5.168,1680.5,45.52,12.933,78.4,758,284,0
1.646,81.82,4.459,1380.2,49.3,11.806,63.4,749,158,0
2.386,76.26,4.653,1457.3,40.84,12.039,51.3,764,362,0
2.596,72.78,4.281,1461.1,40.82,11.703,79.4,417,129,0
2.912,95.47,4.591,1635.6,35.67,14.036,37.7,207,247,0
3.069,68.25,4.72,1496.5,52.95,11.984,53.8,341,139,0
1.6,70.97,4.451,1409.3,41.4,13.534,62.4,1644,188,0
1.273,94.92,3.598,1555.9,46.21,11.132,32.8,721,90,0
3.522,66.68,4.666,1459.5,48.02,12.391,65.8,311,55,0
2.766,69.5,4.682,1377.6,52.56,10.392,35.0,1332,225,0
1.901,73.53,4.16,1410.7,44.23,14.433,37.0,1317,333,0
3.741,83.41,3.858,1673.4,42.3,10.333,38.0,625,326,1
2.593,77.08,5.238,1538.4,45.87,11.35,76.4,1400,164,0
3.443,62.07,4.746,1510.8,51.42,11.37,64.2,1551,35,0
2.554,69.68,4.385,1475.0,44.15,11.292,62.8,1364,329,0
4.149,68.93,3.931,1529.2,40.23,13.445,57.8,83,28,1
3.904,74.23,4.089,1528.0,37.3,11.367,44.6,1601,79,1
2.301,79.26,5.151,1529.2,38.89,14.788,61.0,1476,357,0
3.277,79.18,4.569,1511.5,49.32,10.363,50.5,1027,168,0
3.016,57.24,4.225,1586.9,43.4,12.339,37.3,1480,32,0
3.595,85.64,4.755,1502.3,41.96,10.448,64.5,873,92,1
1.728,77.53,4.093,1402.2,41.42,12.842,36.5,236,111,0
3.049,88.85,5.25,1438.8,45.43,11.968,39.5,389,208,0
3.347,79.44,5.176,1302.1,43.8,11.69,70.9,393,193,0
1.093,86.01,4.267,1702.7,43.63,14.377,63.0,1665,263,0
1.553,79.67,4.186,1586.3,51.75,10.691,61.5,1783,246,0
0.869,88.46,3.191,1417.0,52.69,13.173,50.9,747,117,0
2.284,80.22,3.759,1471.8,36.95,10.462,49.8,30,227,0
3.074,74.02,3.83,1436.3,46.64,12.225,64.5,1607,8,0
3.702,97.72,4.568,1654.3,41.12,9.609,67.0,982,198,1
2.559,83.89,4.337,1358.0,43.76,10.675,55.5,1172,276,0
3.803,80.74,3.827,1511.4,46.55,11.836,78.5,605,128,1
1.396,62.24,4.359,1489.1,43.94,15.629,77.8,283,301,0
1.137,62.12,4.753,1582.7,46.15,12.202,50.6,1753,61,0
2.456,77.93,4.764,1489.6,48.36,15.309,71.0,238,1,0
2.807,76.46,3.55,1324.2,46.47,12.441,57.2,1763,359,0
2.474,68.86,4.436,1474.9,41.77,11.226,55.6,731,330,0
0.846,76.41,3.808,1402.8,41.85,15.079,32.7,1343,356,0
2.429,90.89,4.951,1508.0,37.8,12.874,58.7,1361,171,0
1.456,81.95,4.892,1643.4,40.73,10.715,75.0,31,244,0
3.036,63.59,4.051,1326.1,54.81,12.941,69.0,978,87,0
2.793,73.88,4.117,1420.0,41.04,11.415,69.3,915,82,0
1.748,66.95,4.269,1444.7,39.03,8.022,38.0,1650,4,0
2.089,71.12,3.374,1461.8,46.6,13.872,47.9,1638,348,0
1.653,70.86,4.668,1574.0,44.45,14.19,41.7,1629,38,0
2.45,70.22,4.364,1482.6,44.02,15.676,45.8,207,321,0
3.264,62.45,4.985,1541.6,52.05,12.844,59.0,903,300,0
1.711,73.72,3.951,1437.4,47.75,11.503,48.2,1253,74,0
2.903,69.39,4.19,1523.0,42.35,13.67,58.0,583,100,0
2.076,45.71,3.747,1577.8,42.88,13.7,51.9,1366,140,0
1.866,95.53,3.998,1426.8,42.49,15.277,44.3,460,92,0
2.414,85.89,3.909,1578.1,49.37,11.911,34.8,136,118,0
1.672,71.24,4.998,1505.2,43.46,11.669,74.6,978,287,0
2.057,75.19,4.151,1604.5,36.03,10.569,30.6,284,108,0
1.542,63.28,4.562,1479.9,44.76,13.075,30.1,850,42,0
4.072,91.96,4.31,1538.1,37.31,8.903,71.3,351,135,1
2.528,93.97,3.865,1495.9,55.92,13.552,79.8,17,329,0
1.94,76.57,4.416,1490.4,40.17,13.176,66.4,1239,216,0
2.671,85.24,4.8,1525.9,44.19,13.17,30.8,1419,155,0
2.41,76.75,3.896,1553.7,46.29,12.276,41.3,1423,38,0
2.323,61.63,4.905,1375.0,43.56,15.066,78.6,414,281,0
2.991,70.88,4.075,1643.4,43.55,13.744,70.4,1268,327,0
3.106,76.32,4.259,1314.0,47.11,10.786,58.3,1119,357,0
2.076,70.45,4.765,1431.5,52.63,10.822,41.8,1657,25,0
2.039,72.81,4.168,1490.6,48.84,10.241,30.7,6,31,0
2.28,74.09,4.519,1541.2,52.39,13.103,31.0,780,45,0
0.658,74.19,4.343,1657.6,39.77,10.0,60.6,87,155,0
1.288,75.52,4.565,1314.2,46.59,14.167,31.1,189,243,0
3.593,64.39,3.31,1449.2,45.78,14.646,79.7,1639,34,1
3.816,67.83,3.585,1287.3,46.76,10.242,39.2,1640,277,1
2.301,62.15,4.808,1503.2,51.88,11.629,65.5,420,241,0
2.961,84.78,5.019,1527.2,43.9,12.033,37.8,1091,258,0
2.749,53.94,4.045,1659.1,42.97,13.768,57.0,1642,45,0
4.963,86.54,4.378,1512.1,47.67,15.219,34.0,248,236,0
3.396,88.86,4.647,1604.4,36.11,8.629,68.3,860,7,0
2.398,71.98,4.847,1558.4,43.82,11.364,59.2,207,259,0
1.736,48.97,3.486,1456.5,44.33,11.468,34.3,1229,270,0
1.215,71.39,4.057,1359.1,40.4,9.199,72.4,1343,43,0
2.663,74.36,4.334,1527.5,50.29,11.03,57.4,1107,237,0
1.895,64.89,4.852,1350.8,39.69,12.856,76.1,424,166,0
1.362,69.85,5.749,1629.5,44.32,11.443,75.8,1106,75,0
1.983,90.3,4.386,1483.8,46.47,8.911,76.0,1823,156,0
1.635,81.65,3.797,1619.5,51.77,17.748,33.9,549,200,0
3.85,65.75,4.701,1452.0,44.95,12.532,36.0,1749,233,1
3.205,59.02,5.16,1526.9,49.68,12.223,79.4,487,231,0
2.494,71.73,4.554,1520.9,48.5,9.804,54.4,133,211,0
3.684,72.87,4.047,1495.5,45.62,12.521,41.9,115,153,1
2.562,79.96,4.979,1456.7,39.55,11.672,68.5,377,212,0
1.811,69.65,4.832,1539.2,37.83,8.223,43.2,977,86,0
3.718,80.11,3.987,1407.4,45.53,9.859,66.4,211,17,0
2.931,94.35,4.691,1379.1,42.29,13.59,71.9,132,190,0
1.67,83.16,4.999,1624.3,49.6,15.888,69.2,1398,307,0
2.348,74.52,5.091,1572.7,48.73,12.734,43.7,154,53,0
1.8,73.17,4.467,1506.6,44.08,14.206,50.1,920,215,0
1.394,71.43,4.321,1666.5,39.21,11.688,50.7,1447,41,0
3.241,86.81,5.114,1473.2,47.55,11.827,54.6,952,348,0
4.028,68.73,3.895,1632.3,39.91,14.182,38.4,806,229,0
1.381,75.45,4.719,1517.6,41.21,15.326,52.6,1390,229,0
2.95,75.51,3.815,1397.5,40.1,14.602,55.5,1718,181,0
1.979,69.98,5.033,1684.8,44.31,9.867,56.6,147,140,0
2.11,61.28,4.371,1599.1,50.85,11.866,71.0,1758,287,0
2.026,78.23,5.134,1487.9,44.97,12.555,55.9,1818,338,0
1.809,74.39,4.746,1572.7,42.78,11.481,41.5,1151,336,0
2.539,80.0,3.888,1459.6,37.37,12.776,63.2,1332,321,0
1.835,69.66,5.212,1582.9,47.76,13.641,69.9,715,81,0
2.716,87.21,5.276,1260.9,41.1,14.006,46.0,1142,166,0
2.46,66.23,4.941,1398.0,45.59,15.372,62.3,1597,333,0
2.309,92.12,4.119,1597.9,43.23,11.341,37.3,231,53,0
1.774,57.52,4.347,1475.0,49.19,9.272,47.1,451,72,0
2.039,79.35,4.573,1520.8,44.21,12.716,75.5,1524,212,0
3.104,79.75,4.148,1365.3,44.71,15.768,75.6,1686,170,0
2.901,67.04,5.346,1684.8,47.43,11.046,58.8,1169,269,0
1.718,79.24,4.572,1619.1,55.53,13.374,65.1,907,218,0
2.579,87.8,3.148,1479.9,49.44,13.391,72.7,1647,135,0
3.101,52.83,4.67,1459.5,44.56,12.383,77.9,1703,34,0
1.164,80.03,4.326,1603.0,45.02,12.014,54.5,1725,145,0
2.935,50.07,4.463,1698.2,42.38,10.153,58.1,1073,182,0
1.97,65.34,4.316,1595.4,40.25,7.437,50.8,107,77,0
2.956,91.29,4.904,1717.2,42.24,9.776,33.6,93,307,1
1.889,69.18,5.06,1407.8,41.14,11.219,51.1,1660,252,0
1.056,63.26,4.642,1418.1,48.27,14.195,69.5,829,327,0
1.198,73.02,4.33,1381.1,39.64,11.794,70.2,140,235,0
2.538,95.68,4.479,1544.2,51.67,10.962,74.6,1338,321,1
2.708,56.68,4.51,1517.6,48.76,10.218,32.6,11,336,0
1.777,64.49,4.099,1484.8,45.1,13.314,56.4,448,76,0
3.011,89.97,4.789,1580.9,45.0,14.717,35.4,927,72,0
1.171,93.58,4.73,1623.2,42.21,14.127,40.0,395,26,0
2.447,73.97,5.27,1347.4,46.35,13.212,75.0,1529,37,0
1.531,62.61,5.128,1440.3,50.44,9.049,54.8,378,253,0
1.979,95.96,4.157,1582.0,41.48,11.297,67.9,361,85,0
2.538,90.94,4.91,1453.2,37.33,15.895,33.2,683,356,1
1.812,81.79,4.025,1420.2,48.52,14.244,50.8,1017,358,0
2.192,66.88,4.848,1601.9,46.62,8.925,63.7,1572,30,0
3.305,74.51,4.242,1371.0,39.4,11.889,36.7,642,204,0
2.038,73.4,3.988,1469.8,41.33,12.726,46.3,573,192,0
3.169,78.31,4.64,1532.9,40.7,10.476,33.2,997,229,0
1.596,89.51,3.163,1442.6,41.38,7.382,62.6,1585,180,0
2.924,83.79,3.625,1578.3,43.38,12.198,78.5,923,244,0
3.653,64.23,4.411,1443.1,43.67,10.424,71.4,396,39,1
0.523,88.76,4.541,1640.9,41.75,10.432,78.7,186,328,0
1.862,78.13,4.315,1487.4,41.21,11.291,72.3,1245,156,0
2.962,81.87,3.71,1567.1,43.86,11.733,72.8,1542,167,0
2.338,89.67,4.091,1574.6,45.84,11.982,58.9,1324,157,0
2.797,63.88,4.696,1437.2,43.42,10.232,55.9,1199,129,0
2.017,74.64,4.791,1294.7,50.79,11.56,50.3,1815,81,0
2.569,69.69,4.492,1536.1,47.54,8.485,70.9,371,155,0
2.375,59.32,5.078,1507.2,37.05,12.622,39.1,1533,174,0
3.434,78.47,4.699,1555.6,47.62,6.287,32.8,1228,287,0
2.704,100.12,4.126,1477.3,48.03,11.421,77.4,608,87,0
2.77,56.6,4.36,1457.0,42.83,13.838,30.2,282,101,0
2.17,74.68,3.799,1700.8,37.52,9.881,78.8,1671,247,0
2.11,81.41,4.446,1352.8,45.04,13.433,66.4,1440,205,0
2.154,76.23,5.056,1573.4,44.96,14.311,46.4,1057,88,0
2.816,73.87,4.843,1442.5,39.39,5.384,64.9,82,344,0
2.163,62.01,5.201,1466.4,37.74,11.697,70.9,1507,287,0
2.732,77.33,4.349,1468.3,44.56,6.248,42.3,148,309,0
4.16,67.43,5.173,1419.7,43.83,11.764,68.5,1631,95,1
3.197,53.1,4.403,1557.1,42.91,11.986,70.2,965,158,0
2.239,86.95,5.236,1639.1,44.58,7.035,42.5,992,113,0
3.461,84.58,4.489,1547.0,39.49,15.85,32.1,948,23,0
2.174,75.52,4.854,1510.3,42.83,12.572,40.2,495,162,0
0.87,77.29,5.238,1401.4,47.67,10.302,40.0,1194,285,0
1.694,85.74,4.403,1551.7,43.25,14.931,33.3,723,352,0
1.003,77.24,4.609,1715.6,36.64,8.409,66.3,703,54,0
2.219,84.04,5.144,1461.9,42.64,9.542,49.0,1031,63,0
2.515,72.03,4.433,1462.4,39.65,7.401,74.2,1404,32,0
3.841,88.12,3.84,1443.9,46.34,15.602,42.6,826,45,1
2.762,78.21,5.572,1451.1,46.59,12.665,52.7,434,218,0
2.325,76.94,4.265,1225.5,36.71,13.319,62.0,1058,288,0
3.164,62.3,4.579,1540.5,48.8,12.602,73.9,563,195,0
0.731,77.87,5.078,1415.4,39.44,13.148,56.2,1656,252,0
2.688,66.68,4.196,1339.0,52.8,12.156,48.7,138,285,0
3.117,68.62,3.996,1575.3,44.76,12.542,73.4,367,235,0
1.317,66.85,4.627,1391.8,38.77,12.215,45.5,106,78,0
3.415,64.34,3.603,1466.1,39.29,10.783,34.0,794,91,0
2.771,96.25,4.356,1646.6,46.74,11.907,52.3,1056,95,0
2.168,88.31,4.623,1359.1,43.04,12.547,69.3,636,227,0
3.006,94.2,4.365,1346.7,44.52,12.221,31.5,1706,285,1
4.317,62.77,3.728,1526.9,53.06,9.044,59.3,987,361,1
2.645,75.71,5.297,1614.9,41.5,9.31,59.7,958,234,0
2.699,62.06,4.552,1342.6,45.3,14.166,76.4,1548,101,0
2.133,68.04,5.216,1540.8,52.1,11.386,44.3,1192,251,0
1.82,65.82,4.37,1558.1,46.35,13.169,43.9,855,139,0
3.164,87.4,4.06,1294.1,36.97,9.816,52.0,78,322,0
1.815,71.04,4.635,1579.9,47.53,9.054,47.8,1570,142,0
2.557,85.68,4.392,1587.7,39.18,10.313,66.8,209,239,0
2.118,81.04,3.911,1468.8,52.03,11.555,62.1,1435,265,0
2.883,98.04,5.235,1625.2,40.89,10.67,67.9,8,341,1
2.767,60.21,4.189,1613.6,59.85,14.588,71.0,737,60,0
3.33,87.59,3.58,1510.3,52.34,12.359,76.1,227,22,0
2.092,86.46,5.164,1454.9,41.02,15.698,51.5,175,10,0
2.284,65.27,4.248,1402.7,45.1,12.809,79.2,81,15,0
1.717,85.07,4.196,1496.2,48.77,7.175,40.8,1818,48,0
2.145,78.36,3.617,1557.0,48.92,14.112,65.7,1081,335,0
2.802,72.73,5.37,1467.6,47.21,8.981,56.7,1159,169,0
3.106,66.76,3.855,1280.2,51.26,12.461,70.8,238,118,0
1.762,67.81,4.529,1626.9,44.39,10.451,53.8,1496,41,0
3.196,95.5,4.956,1519.0,43.17,16.285,69.2,1241,9,0
3.585,75.01,4.711,1462.0,43.27,14.879,76.5,1763,48,1
2.831,82.82,4.47,1585.7,49.29,10.516,66.6,1050,264,0
4.001,67.09,3.649,1652.5,46.83,11.745,68.8,187,206,1
1.881,67.2,4.095,1219.8,46.46,12.489,33.4,630,166,0
1.504,85.82,4.594,1543.4,48.98,13.727,40.2,1733,1,0
1.077,61.5,4.106,1357.3,34.74,12.058,78.7,1140,67,0
3.697,70.85,4.602,1549.9,46.55,9.95,64.7,1014,307,1
3.023,75.34,4.841,1512.8,46.09,10.565,58.1,815,209,0
2.456,76.11,4.981,1563.6,53.34,11.991,48.3,614,138,0
2.724,73.21,3.887,1450.1,37.36,14.469,32.2,892,36,0
1.6,78.96,5.598,1312.7,52.79,12.856,48.5,1187,217,0
4.457,81.93,4.884,1455.0,45.38,10.453,54.9,1438,277,0
2.603,82.35,4.499,1540.7,47.44,13.297,40.6,178,179,0
2.588,65.14,5.045,1601.5,53.38,11.226,38.7,985,4,0
3.081,72.16,5.683,1382.8,47.8,13.781,55.4,280,129,0
2.885,86.95,3.781,1602.7,47.0,17.054,59.3,798,132,0
2.679,83.95,4.387,1435.2,46.21,11.282,42.0,1236,98,0
1.868,61.27,3.311,1536.2,42.58,13.603,59.4,1078,159,0
2.877,78.51,4.596,1449.0,44.86,10.509,75.0,67,235,0
4.006,55.22,4.683,1518.2,41.42,11.775,53.7,544,146,0
3.576,75.47,4.48,1589.2,44.78,12.059,72.9,1787,358,1
3.775,93.98,4.173,1377.3,33.32,11.613,76.4,520,114,1
2.091,65.52,3.475,1432.0,47.15,16.926,34.6,499,3,0
1.708,66.66,4.687,1518.5,44.39,11.387,34.8,946,86,0
2.399,82.64,5.228,1740.2,43.32,13.174,53.8,1455,45,0
2.545,59.57,4.204,1413.7,46.1,8.14,59.4,727,82,0
3.375,68.67,4.72,1704.0,37.83,12.864,51.3,1070,153,0
1.146,80.96,3.716,1700.4,54.65,14.284,46.3,1616,305,0
3.724,68.66,4.729,1490.3,44.49,10.945,62.0,1059,281,0
2.374,72.64,4.303,1470.2,44.27,6.98,30.1,189,326,0
2.158,82.44,4.119,1430.8,40.17,11.923,78.4,1113,287,0
1.69,79.22,4.12,1493.2,45.12,12.034,41.6,1359,110,0
1.176,77.67,4.303,1359.3,51.93,13.448,75.9,947,116,0
3.159,71.61,4.691,1492.4,50.18,16.022,35.5,136,96,0
2.559,78.7,3.844,1649.7,49.27,11.24,41.9,546,281,0
1.468,73.76,4.301,1438.9,47.73,10.287,41.7,793,188,0
1.464,79.58,4.479,1475.9,43.21,9.666,79.8,1137,87,0
2.231,70.03,3.95,1329.9,37.75,12.396,30.2,1196,306,0
3.835,73.17,5.398,1537.4,43.99,12.959,62.0,1363,86,0
2.292,65.1,4.073,1526.4,43.82,10.909,73.5,555,25,0
1.297,74.65,4.165,1506.4,50.24,13.557,63.6,894,30,0
2.303,66.89,4.011,1478.3,46.55,12.931,48.1,946,125,0
2.282,63.86,5.399,1470.7,53.06,12.086,77.9,525,197,0
0.342,77.59,4.776,1550.2,50.99,10.195,74.7,174,300,0
2.457,77.13,4.032,1497.1,42.72,11.036,51.7,637,30,0
2.315,82.83,5.053,1531.5,36.02,7.14,58.7,1356,316,0
3.057,70.69,4.6,1521.5,51.93,12.472,78.4,207,231,0
3.979,79.08,4.629,1612.3,51.8,12.053,79.1,1367,44,0
3.401,80.51,4.328,1567.7,38.17,12.377,52.5,949,315,0
2.285,79.45,4.125,1519.3,52.55,13.009,72.4,104,188,0
1.615,66.74,4.669,1651.8,46.91,12.772,45.1,1666,51,0
4.559,76.49,4.227,1542.0,45.8,11.779,48.6,1064,51,1
2.547,78.64,5.408,1630.5,53.07,12.097,38.2,1047,331,0
2.511,75.07,3.865,1560.7,51.72,9.191,40.5,1276,317,0
2.481,54.14,5.268,1315.8,48.26,10.833,62.8,290,322,0
2.658,76.6,4.444,1630.5,47.37,12.101,55.5,1226,78,0
2.385,97.13,4.65,1513.5,48.08,10.528,41.6,1179,48,0
2.041,71.4,4.917,1494.8,43.0,13.72,50.1,567,229,0
2.063,67.72,4.185,1528.1,44.72,10.683,48.7,1130,343,0
2.474,78.73,4.932,1465.5,40.49,12.433,79.4,1284,43,0
2.065,78.12,3.146,1522.7,43.33,12.233,72.7,964,291,0
1.93,86.93,4.14,1440.8,43.17,13.493,49.4,1224,246,0
2.585,62.42,4.038,1627.4,41.82,13.802,75.7,838,218,0
2.296,82.31,3.873,1488.6,45.68,13.388,47.1,1241,21,0
3.703,80.9,4.393,1461.7,43.38,7.788,63.4,411,129,0
0.379,73.58,4.693,1407.5,47.51,14.388,78.3,1583,6,0
3.373,78.39,4.851,1526.9,36.89,15.055,49.5,882,271,0
3.497,85.29,4.62,1518.7,44.43,11.036,64.0,1141,349,0
0.841,83.72,4.167,1538.8,45.66,12.473,44.8,886,43,0
2.226,63.57,4.685,1397.3,43.45,10.218,43.3,424,239,0
2.203,83.2,4.562,1339.9,44.14,8.103,58.7,1236,64,0
1.374,74.35,4.968,1562.6,37.07,10.523,79.0,155,245,0
1.878,75.73,4.888,1648.5,46.78,10.92,52.7,1287,72,0
1.612,75.73,4.515,1397.4,48.24,11.29,76.9,1531,70,0
3.902,73.5,4.051,1658.9,47.47,10.082,75.7,151,196,0
3.249,86.92,4.174,1528.4,50.19,10.533,42.7,212,188,0
3.517,74.16,4.225,1499.3,46.01,11.978,50.1,1216,157,0
3.077,63.8,4.342,1460.2,47.39,10.46,62.2,881,329,0
1.597,71.06,4.634,1361.5,45.78,13.087,55.9,755,24,0
2.08,76.79,4.858,1598.8,48.44,13.363,34.8,1122,337,0
2.891,87.29,4.474,1422.4,37.11,16.761,79.7,541,70,0
1.522,81.03,4.508,1422.0,40.53,14.251,67.6,701,312,0
3.07,66.49,4.572,1599.2,52.93,12.486,51.9,172,222,0
2.308,99.85,4.242,1311.7,32.7,10.759,60.9,371,159,0
2.2,77.65,4.037,1347.6,44.3,12.587,34.4,1733,305,0
3.069,87.75,3.622,1498.2,50.86,12.653,54.8,1179,74,0
2.855,73.48,4.152,1529.3,44.53,10.973,76.5,1164,137,0
2.211,80.33,4.737,1548.5,42.97,13.567,74.8,913,40,0
3.427,83.39,4.149,1469.8,45.65,9.204,46.9,802,302,0
1.635,87.18,4.381,1753.0,43.23,11.511,56.6,256,333,0
2.993,85.57,4.733,1477.2,45.15,13.112,64.9,990,308,0
2.974,83.72,4.76,1476.9,41.58,11.425,47.0,676,15,0
2.252,71.85,3.96,1420.3,50.54,11.586,33.2,1670,188,0
2.761,69.28,4.999,1512.4,52.12,11.724,55.3,864,27,0
1.499,78.33,5.064,1561.5,44.33,10.329,60.1,416,162,0
3.239,84.33,3.935,1620.4,38.07,14.348,30.3,329,316,0
2.352,72.77,4.088,1351.1,42.38,9.964,34.8,1402,54,0
2.082,85.65,5.096,1475.4,44.08,12.636,40.4,918,273,0
3.339,89.53,4.427,1544.7,47.53,12.827,47.4,1290,304,0
1.937,65.84,3.39,1558.7,39.96,10.103,57.1,1565,101,0
1.373,66.63,3.8,1500.7,41.15,12.146,44.7,1163,41,0
1.255,73.6,4.375,1554.2,47.55,10.181,43.8,962,262,0
2.985,78.08,3.918,1419.1,49.69,14.782,73.5,824,170,0
1.476,69.75,4.293,1655.8,41.89,9.722,37.3,1621,207,0
3.904,88.52,4.516,1599.3,38.33,10.692,54.8,1536,314,1
0.834,79.24,5.231,1365.5,61.42,9.552,77.6,249,48,0
3.857,75.39,4.355,1392.5,48.92,9.285,61.3,745,59,0
2.669,60.64,5.036,1395.3,43.66,15.182,65.9,308,5,0
2.423,61.84,5.214,1567.8,49.35,13.086,51.6,573,147,0
2.064,77.81,5.217,1371.5,44.38,12.281,31.0,1809,286,0
2.819,53.67,4.642,1466.9,49.34,10.687,62.3,1243,210,0
2.47,85.13,3.518,1545.5,45.8,13.815,61.6,798,149,0
3.383,73.42,4.73,1493.4,45.46,10.352,35.5,1001,84,0
2.591,107.43,5.024,1525.9,44.43,13.587,53.1,761,159,0
2.62,98.08,4.459,1393.4,37.76,10.255,75.8,1608,46,1
2.209,73.19,5.372,1559.5,54.69,10.711,40.3,293,161,0
2.454,73.94,4.93,1438.7,40.29,13.517,53.1,410,154,0
2.746,84.96,4.784,1467.5,38.2,13.728,53.1,198,229,0
1.132,92.03,5.043,1523.8,43.94,13.195,70.5,80,299,0
1.421,58.62,4.667,1510.3,40.19,9.901,71.2,1409,157,0
3.095,57.14,3.254,1502.4,44.74,11.107,68.0,137,160,0
2.637,68.78,4.25,1424.9,48.44,12.314,48.3,213,246,0
2.353,80.83,5.099,1470.0,49.98,10.301,33.6,619,55,0
2.515,79.97,4.096,1500.2,49.07,14.742,47.5,960,150,0
2.778,85.7,4.388,1362.5,43.47,7.196,64.0,1231,298,0
2.068,63.0,3.978,1453.7,45.25,10.443,65.1,1688,53,0
1.877,51.84,5.392,1538.8,47.04,10.981,78.3,1157,222,0
2.657,83.58,5.341,1372.3,36.21,6.312,52.7,166,253,0
1.717,66.72,4.058,1615.7,47.85,9.208,61.6,1527,67,0
2.827,54.82,4.574,1627.0,37.71,13.251,57.0,430,52,0
1.138,76.45,4.16,1375.5,55.2,12.061,37.5,1204,244,0
3.323,82.93,4.807,1635.8,42.98,15.146,53.1,121,39,0
2.878,73.78,4.755,1485.6,44.08,15.09,57.2,1198,341,0
2.705,70.42,4.906,1541.9,41.15,12.866,77.5,331,350,0
3.286,73.41,4.666,1450.3,41.85,12.626,48.3,1092,137,0
3.832,71.29,5.968,1592.3,56.37,12.132,79.0,1723,265,1
3.311,61.52,3.986,1540.6,49.7,6.69,57.1,1162,137,0
1.027,67.85,3.645,1418.6,37.25,9.211,42.1,1332,291,0
1.476,80.21,4.303,1383.5,52.52,12.201,39.6,1354,209,0
2.0,78.22,3.716,1354.0,50.97,13.232,37.1,1262,171,0
2.521,76.68,3.754,1518.8,43.59,12.579,52.6,1554,184,0
2.914,65.05,3.999,1557.2,46.53,10.215,31.1,1100,298,0
1.919,73.18,4.039,1565.1,44.93,13.875,52.3,1175,239,0
2.649,53.23,4.023,1488.2,54.86,14.965,79.4,620,210,0
1.896,76.78,4.759,1384.3,41.02,13.876,63.5,1689,362,0
2.011,89.29,4.247,1431.8,45.73,13.979,68.0,1340,150,0
1.375,60.26,4.41,1615.2,42.86,10.882,36.0,37,123,0
1.761,69.14,4.947,1451.5,37.83,14.152,53.7,964,48,0
1.419,78.29,4.117,1514.3,55.96,12.292,44.3,845,123,0
1.719,87.53,4.368,1392.4,39.09,13.023,74.7,1682,67,0
3.343,70.52,4.683,1533.7,46.1,12.731,39.1,1150,357,0
1.74,68.08,3.529,1454.2,36.3,11.757,52.9,797,230,0
4.606,55.31,3.308,1604.7,43.0,10.28,59.4,1644,345,1
2.895,76.03,4.673,1577.4,47.11,11.836,55.7,286,8,0
2.648,95.42,4.746,1450.4,40.88,13.974,71.5,1264,265,0
1.813,77.77,5.532,1487.3,47.93,11.117,41.6,887,124,0
3.06,74.78,4.579,1444.9,43.65,13.787,48.9,1638,320,0
2.039,78.22,4.91,1358.1,50.8,13.474,69.6,220,111,0
2.598,74.89,4.402,1414.3,51.81,11.402,56.4,1031,327,0
4.548,66.87,4.649,1519.8,42.07,14.778,50.1,216,329,1
2.423,83.23,5.334,1532.5,45.38,11.289,31.5,681,53,0
3.419,77.26,3.438,1514.9,45.92,15.019,67.7,1610,88,0
1.937,75.18,4.707,1469.8,48.1,12.868,78.6,293,94,0
2.472,65.25,5.568,1593.3,45.07,11.968,61.0,1563,358,0
3.917,88.04,4.641,1506.4,45.95,10.224,72.8,1813,249,1
1.998,81.65,5.325,1570.3,43.78,11.823,55.8,1508,316,0
3.95,69.47,4.185,1322.6,45.58,11.592,41.6,43,165,0
3.066,85.02,4.484,1107.8,51.49,9.483,30.7,1331,226,0
2.05,70.02,4.517,1528.4,48.23,11.565,62.7,1117,135,0
3.006,67.18,3.391,1357.5,48.51,10.392,54.7,1607,64,0
3.278,67.4,3.916,1478.8,48.62,13.172,69.1,1293,4,0
2.997,57.29,3.952,1469.8,44.23,14.613,64.7,1645,119,0
1.244,79.72,4.911,1658.7,46.59,9.546,79.4,693,218,0
1.918,56.69,4.936,1540.0,39.57,15.425,55.5,1239,364,0
2.302,62.72,4.662,1516.6,51.34,11.743,51.4,959,42,0
2.44,54.24,4.912,1583.7,31.09,10.05,44.3,114,187,0
2.997,74.14,4.418,1536.8,44.56,13.516,53.8,1209,25,0
2.642,73.5,5.101,1454.2,50.7,11.107,73.6,921,266,0
1.432,71.73,4.504,1607.1,38.18,11.837,32.1,1149,161,0
2.804,64.57,4.529,1389.0,47.0,11.191,78.9,1129,232,0
2.988,63.28,4.367,1532.3,41.6,10.367,79.7,237,129,0
2.948,79.64,4.842,1345.2,43.16,13.448,59.9,653,20,0
3.365,69.49,4.289,1520.4,49.73,11.427,46.6,158,127,0
3.167,78.16,4.988,1519.3,45.99,9.127,41.2,1498,75,0
2.867,66.15,3.934,1667.6,34.83,13.102,43.8,908,72,0
2.444,76.81,3.951,1343.5,40.12,9.589,32.5,1529,232,0
1.171,88.03,4.844,1439.9,49.88,9.693,53.8,961,342,0
2.844,80.86,4.456,1582.3,47.24,14.385,32.9,1298,105,0
2.666,70.88,4.273,1533.5,53.74,9.607,65.9,853,8,0
2.717,77.57,4.945,1518.0,53.41,7.367,48.6,1141,118,0
1.479,72.59,4.196,1404.4,43.29,13.246,40.0,886,49,0
1.635,75.08,4.4,1440.9,57.52,11.392,57.2,1598,9,0
3.343,71.74,5.2,1624.5,45.12,11.565,78.7,1560,112,0
2.468,73.36,5.27,1494.8,40.19,11.371,64.8,60,265,0
3.045,77.12,5.286,1537.5,41.83,12.463,54.6,401,77,0
2.523,65.07,4.359,1488.5,33.72,10.495,68.8,828,35,0
2.524,64.84,5.115,1381.7,53.04,14.952,66.9,1801,201,0
3.251,61.11,4.026,1593.4,52.97,9.048,74.6,1204,311,0
2.087,59.0,4.047,1550.3,39.92,12.89,40.2,1256,117,0
2.577,62.83,3.325,1730.6,43.86,13.284,72.9,476,189,0
2.13,76.59,5.336,1398.4,45.48,10.481,45.1,655,241,0
2.152,66.07,4.068,1582.3,40.2,9.953,77.0,845,292,0
2.253,80.14,4.437,1368.8,36.22,14.034,44.1,924,168,0
2.678,75.35,4.045,1515.7,43.95,10.018,76.3,1269,229,0
2.117,55.31,4.848,1597.7,43.39,10.787,78.2,1617,47,0
3.505,81.55,4.312,1292.8,43.06,13.775,37.3,638,149,1
1.784,83.11,3.848,1479.5,46.11,12.069,78.7,649,342,0
2.351,65.06,4.721,1443.7,52.15,8.406,34.3,1592,207,0
2.148,79.2,3.783,1429.8,43.48,15.494,40.9,213,60,0
3.658,66.44,4.081,1538.5,45.85,10.94,52.2,1630,330,1
2.657,75.98,3.447,1612.1,48.63,11.194,79.7,1483,116,0
3.325,62.36,3.788,1486.7,47.77,12.512,54.4,990,238,0
1.312,57.07,4.589,1520.5,41.93,13.25,57.5,804,354,0
2.714,71.17,3.518,1511.4,45.48,15.922,64.7,128,47,0
3.212,73.76,3.759,1500.2,47.74,8.68,78.4,952,244,0
2.566,71.02,4.499,1391.1,39.36,13.652,69.2,217,292,0
3.352,63.16,4.228,1610.8,51.32,13.486,41.2,711,4,0
2.086,71.0,5.496,1529.5,52.16,11.726,45.1,20,99,0
3.627,77.69,5.417,1539.5,41.39,13.575,34.9,1591,204,1
4.339,74.55,4.066,1419.3,45.97,13.869,62.2,1782,179,1
2.21,76.83,4.779,1454.1,48.21,9.236,39.0,1787,16,0
2.144,68.3,4.875,1482.4,42.27,15.5,42.9,1084,89,0
3.663,86.72,4.201,1346.6,47.41,8.882,74.4,675,107,0
3.764,63.24,3.752,1331.2,45.82,9.729,46.3,714,189,1
2.082,79.88,4.494,1439.9,37.66,11.476,58.3,739,179,0
2.164,86.82,4.414,1552.3,47.3,15.85,49.9,1153,248,0
2.275,79.81,4.282,1434.7,39.5,11.383,33.7,557,250,0
1.424,72.97,4.721,1398.1,49.7,11.936,48.1,197,19,0
1.765,69.72,4.125,1418.5,41.64,14.864,50.4,936,358,0
1.697,85.36,3.924,1454.5,44.19,11.399,74.8,1516,96,0
1.886,60.77,4.555,1464.6,51.86,9.643,46.2,678,221,0
2.472,65.3,4.693,1716.6,47.48,11.166,49.0,504,143,0
2.687,71.02,3.912,1605.5,39.6,14.742,69.1,1271,6,0
3.74,87.38,4.964,1602.5,39.93,12.142,67.9,738,349,1
1.701,78.8,3.615,1616.9,42.0,15.861,69.9,792,321,0
3.287,65.32,4.211,1400.1,46.97,13.476,77.7,1284,267,0
2.329,71.9,4.371,1377.8,46.79,10.71,69.8,1371,295,0
2.46,68.86,4.182,1389.3,40.78,12.102,50.4,197,0,0
3.04,67.9,4.217,1633.5,39.16,10.294,71.1,1131,57,0
1.602,84.79,5.436,1445.3,46.41,10.663,55.4,781,263,0
2.806,61.28,4.075,1374.9,44.09,20.958,43.9,744,89,0
2.633,91.09,5.721,1456.9,55.79,14.037,45.1,1637,74,0
2.894,83.28,4.719,1476.1,45.18,13.722,41.2,1184,340,0
2.731,85.91,4.546,1526.8,54.07,10.754,37.2,422,260,0
4.464,70.37,4.738,1525.1,39.15,15.139,39.2,1631,281,1
1.99,73.5,5.765,1417.2,37.13,14.199,33.2,1231,340,0
2.075,60.67,4.003,1568.6,39.4,15.763,74.4,1337,328,0
2.001,69.75,3.94,1436.1,50.95,15.666,76.6,432,356,0
2.056,79.94,4.123,1484.4,53.78,9.042,59.3,926,242,0
1.99,87.96,4.516,1568.7,41.09,9.78,72.0,235,321,0
3.451,63.93,3.637,1435.8,42.7,9.992,39.2,327,118,0
3.636,71.34,4.511,1443.1,39.16,10.112,75.1,934,46,0
2.043,73.49,5.347,1559.2,35.94,12.647,55.3,479,167,0
1.834,61.04,4.576,1414.2,48.59,10.866,33.4,428,347,0
2.877,80.91,4.354,1461.5,46.12,16.145,37.1,666,26,0
2.058,67.76,4.191,1555.6,45.05,15.809,45.4,1124,295,0
3.006,73.05,4.949,1705.4,38.0,11.987,32.2,1262,0,0
2.662,70.48,4.087,1560.5,53.2,15.911,45.5,1131,173,0
1.287,67.11,5.423,1547.3,42.48,14.976,33.0,858,166,0
3.738,74.93,5.467,1553.1,47.67,11.099,41.8,1388,17,0
3.937,72.84,4.628,1392.7,37.73,7.982,43.3,642,90,1
2.01,71.28,4.494,1511.6,44.05,11.564,79.7,811,302,0
2.19,67.72,5.015,1497.0,46.46,10.711,41.8,1517,201,0
2.729,78.2,5.047,1532.2,46.64,12.413,42.0,1067,20,0
2.768,91.54,4.097,1511.7,45.77,12.178,64.3,575,155,0
3.027,76.4,4.237,1538.0,47.47,12.126,73.0,1097,13,0
4.108,84.96,3.839,1468.9,39.35,13.047,49.4,1722,19,1
2.358,61.1,4.705,1505.9,45.99,9.575,73.8,1019,243,0
1.861,76.58,4.833,1377.2,45.57,12.823,47.0,1653,172,0
1.397,64.03,3.825,1468.0,46.16,11.121,39.9,1328,121,0
1.915,60.23,4.272,1639.1,45.36,12.4,46.5,1029,183,0
2.473,67.61,3.826,1531.9,38.63,13.915,60.5,1612,307,0
3.936,86.92,4.051,1497.9,38.41,9.551,48.4,803,67,1
2.086,84.5,4.776,1689.6,33.93,11.437,63.6,1373,292,0
2.679,77.43,4.133,1363.9,49.09,11.763,41.8,400,337,0
2.487,59.67,4.35,1389.1,49.14,10.971,65.0,595,158,0
3.451,73.04,3.686,1671.3,49.22,13.8,47.4,1457,48,0
4.522,78.02,4.593,1504.6,46.53,10.559,52.8,1596,180,1
2.075,76.76,4.478,1475.7,34.33,10.889,57.9,1131,294,0
2.108,56.56,4.136,1380.1,39.87,10.58,64.3,117,347,0
3.335,66.1,4.405,1544.8,45.85,14.184,41.9,383,140,0
3.046,74.36,4.59,1554.4,45.68,11.015,71.8,859,17,0
3.977,80.36,4.093,1390.6,43.89,12.92,66.1,82,139,1
2.967,53.04,3.762,1486.0,46.84,15.951,41.7,832,71,0
2.213,73.38,5.403,1466.4,45.06,11.85,78.7,873,241,0
2.973,76.43,4.183,1525.6,45.6,14.224,63.2,653,260,0
3.387,83.5,4.452,1388.1,41.8,15.343,52.6,734,262,0
3.156,81.93,5.005,1625.2,49.91,14.054,37.9,1434,142,0
2.906,80.83,6.265,1591.6,42.85,11.966,56.7,70,194,0
3.353,67.0,3.878,1463.7,38.35,13.284,38.2,387,145,0
3.435,55.92,4.725,1478.4,41.15,9.425,51.5,524,293,0
3.606,71.07,4.146,1486.4,43.26,10.44,50.4,297,25,0
3.019,85.02,4.231,1422.2,49.97,10.791,66.0,617,58,0
2.366,88.93,4.14,1455.7,44.79,16.481,39.6,719,51,0
2.617,82.11,3.937,1473.0,44.07,10.375,71.1,1089,148,0
3.465,79.29,4.479,1661.3,38.76,10.345,46.3,1599,106,0
1.846,78.8,3.763,1594.7,48.93,9.912,52.2,178,317,0
2.795,69.44,4.973,1593.5,41.74,13.12,68.6,1032,58,0
2.185,73.7,4.528,1537.0,44.5,12.285,61.3,1183,257,0
2.523,91.69,4.711,1388.3,52.4,14.174,45.4,11,280,0
3.523,65.57,4.267,1495.9,47.54,13.343,49.3,785,18,1
2.653,91.15,4.316,1597.0,36.86,9.239,45.3,411,165,0
2.537,71.78,4.644,1374.2,36.15,10.385,59.7,892,24,0
1.412,88.25,3.918,1563.7,44.68,14.731,46.6,607,3,0
3.097,60.93,4.321,1732.3,38.94,11.593,66.3,155,2,0
3.016,80.86,4.07,1606.2,48.24,14.375,59.0,1230,361,0
4.231,67.63,4.055,1641.4,45.21,11.701,37.3,1139,26,0
2.254,60.85,3.445,1521.8,45.83,10.065,45.5,1403,345,0
2.675,77.19,5.17,1596.8,41.47,11.393,41.1,599,218,0
2.7,85.09,4.157,1428.2,53.71,10.064,49.5,824,43,0
3.762,66.55,5.082,1579.6,59.21,10.869,55.8,1733,211,0
2.424,60.01,5.034,1565.4,43.61,12.402,55.3,350,51,0
2.723,74.08,3.857,1529.0,46.77,13.023,67.7,1122,152,0
2.986,74.13,3.956,1631.6,45.49,8.82,39.5,943,201,0
2.649,80.48,5.78,1446.1,43.7,11.965,77.3,19,320,0
2.143,84.5,5.375,1481.3,40.84,10.827,47.1,313,10,0
2.655,74.41,4.484,1509.5,39.58,10.703,45.0,927,67,0
3.359,93.56,4.629,1397.0,39.32,12.265,64.3,528,226,0
1.679,77.24,4.185,1522.7,47.03,10.899,70.3,557,120,0
2.606,71.54,4.716,1328.1,42.4,14.764,48.9,1691,332,0
1.94,58.88,4.141,1604.7,32.11,14.376,67.3,445,14,0
3.456,72.37,3.484,1504.7,47.22,14.364,74.2,231,56,0
1.281,71.64,3.839,1447.9,44.81,11.01,68.3,1693,329,0
2.053,84.6,4.511,1416.6,51.73,10.075,31.7,625,63,0
2.802,79.62,3.934,1476.5,46.87,12.164,71.4,1011,229,0
3.752,63.21,4.466,1568.8,37.61,11.699,68.7,889,10,1
2.447,76.72,3.963,1554.8,33.85,10.782,63.5,359,120,0
2.056,81.72,4.109,1429.4,41.4,9.649,68.0,1407,223,0
4.005,90.28,4.927,1415.4,41.87,11.917,79.0,1536,224,1
1.342,83.88,4.624,1565.7,49.72,11.192,51.6,44,124,0
0.741,82.61,4.495,1427.8,44.96,13.377,33.4,1389,147,0
2.852,75.6,4.939,1506.0,50.67,13.33,53.0,877,227,0
2.098,78.88,4.74,1512.4,38.38,14.202,32.3,1646,29,0
1.683,87.5,5.223,1531.2,49.83,9.481,44.7,1135,9,0
3.067,61.67,4.27,1585.8,48.6,12.802,59.3,223,53,0
2.695,71.51,4.285,1373.7,34.91,10.545,45.5,1410,185,0
2.049,67.27,3.849,1308.9,51.61,9.559,64.3,902,206,0
1.476,78.79,4.286,1443.3,45.47,11.143,71.1,1289,254,0
3.198,87.3,4.982,1680.2,46.96,14.137,51.0,271,156,0
3.02,69.03,5.15,1702.2,40.68,11.255,75.0,212,128,0
2.421,51.1,4.98,1683.1,51.38,15.131,34.0,1520,57,0
3.977,70.88,3.603,1480.7,39.07,13.098,72.0,1338,194,1
1.644,84.13,5.042,1321.8,49.16,11.212,71.4,1794,75,0
1.28,80.38,3.581,1265.7,49.1,14.32,46.1,1411,88,0
1.946,79.28,4.949,1438.6,40.13,12.891,44.9,247,353,0
2.464,72.2,4.316,1480.2,54.92,10.135,45.3,948,80,0
2.695,62.21,4.851,1630.1,46.16,15.718,70.6,1591,185,0
2.307,80.15,3.834,1586.8,48.27,12.519,71.6,821,325,0
2.782,66.66,5.086,1522.7,37.36,12.038,46.5,1374,267,0
1.499,96.84,3.768,1411.0,55.59,10.289,59.6,72,78,0
3.655,80.71,4.166,1403.9,38.88,14.359,36.9,1320,144,1
2.434,69.19,4.001,1525.4,50.12,13.035,53.4,1237,128,0
3.394,68.89,3.623,1569.7,40.03,13.258,79.9,295,13,0
2.774,74.07,4.547,1539.2,41.91,10.985,37.9,171,118,0
2.865,72.6,5.403,1396.5,48.94,13.668,77.4,246,1,0
2.956,86.17,5.833,1565.1,50.14,13.824,71.2,1165,3,0
2.858,76.86,4.549,1542.6,38.64,10.662,78.6,1640,243,0
3.014,67.68,5.058,1392.9,50.45,9.166,39.0,617,65,0
3.563,93.9,4.616,1421.6,50.22,13.163,40.7,240,245,1
2.657,75.49,4.749,1568.8,40.31,8.853,30.8,311,89,0
3.067,82.69,4.329,1476.5,52.99,12.304,66.2,1440,177,0
2.428,68.92,4.598,1658.9,37.72,11.106,62.2,398,59,0
3.652,78.63,4.769,1550.1,41.88,14.437,38.9,923,231,0
1.959,78.11,4.211,1451.3,47.4,11.214,69.6,792,352,0
3.941,56.1,4.461,1499.0,40.73,14.215,45.0,22,175,0
2.468,95.15,4.471,1506.3,46.32,10.972,36.7,1102,166,0
1.355,87.91,4.913,1427.2,46.21,14.0,51.1,813,197,0
2.602,71.03,3.967,1408.7,44.06,16.121,34.5,904,59,0
1.955,63.98,4.474,1570.1,49.16,9.864,43.2,1499,82,0
3.173,78.48,5.456,1584.5,43.86,12.584,48.6,1731,73,0
1.978,75.87,5.082,1560.4,46.16,17.498,72.6,832,310,0
2.143,78.56,5.175,1651.5,50.73,12.133,69.6,1377,25,0
0.988,76.92,4.512,1445.8,48.95,12.124,52.1,1395,242,0
2.138,80.06,4.66,1667.4,48.93,13.577,66.2,1045,322,0
0.561,89.47,5.001,1409.9,39.25,12.082,58.4,507,115,0
1.233,80.68,5.28,1398.7,47.62,8.586,47.0,160,322,0
3.108,64.5,3.524,1324.0,40.61,14.265,66.3,744,179,0
3.129,88.63,3.842,1455.4,38.59,7.994,64.2,1385,261,0
2.84,91.41,5.155,1449.6,44.64,11.166,61.0,813,113,0
1.726,106.52,4.362,1552.6,40.48,14.415,60.9,1580,265,0
2.462,63.77,4.164,1524.4,48.95,11.287,64.1,1321,37,0
2.497,77.43,3.873,1380.7,49.07,10.613,49.2,1376,76,0
1.573,54.18,4.222,1460.7,35.49,13.759,73.5,180,101,0
3.703,80.53,3.799,1462.9,40.86,10.298,38.1,1496,11,1
3.202,69.52,5.546,1322.4,37.7,9.556,74.2,1419,301,0
2.323,94.23,4.489,1401.9,42.69,12.549,47.1,1637,48,1
2.522,67.25,4.471,1422.9,47.28,11.634,36.3,1651,253,0
2.667,58.11,4.794,1643.4,43.79,9.513,60.0,213,346,0
0.867,70.29,4.981,1519.1,42.05,13.274,48.8,530,248,0
2.302,55.25,4.973,1566.2,51.5,12.929,70.8,1419,71,0
1.954,82.51,5.037,1350.1,33.48,11.28,51.5,27,196,0
1.699,54.35,4.185,1619.4,51.18,11.417,63.4,939,252,0
2.275,75.28,4.351,1630.1,42.28,12.941,45.4,870,357,0
3.938,54.22,4.885,1300.2,44.61,14.381,40.5,1473,298,0
3.013,71.8,4.236,1429.5,42.36,11.434,49.4,438,221,0
2.043,91.43,4.497,1549.6,52.71,13.309,60.3,285,59,0
2.958,78.61,4.699,1564.4,38.85,13.13,62.8,661,356,0
3.619,66.37,4.893,1432.2,45.06,13.759,58.9,1821,156,1
3.24,74.69,3.611,1469.5,47.64,12.079,79.4,649,341,0
2.548,75.18,4.857,1440.3,36.94,10.175,64.6,189,201,0
1.982,79.73,4.383,1511.0,40.4,11.075,76.6,1726,266,0
3.059,61.33,4.854,1619.7,44.26,12.686,35.9,1223,34,0
2.815,80.93,4.888,1422.9,40.57,15.637,33.1,1126,254,0
3.216,47.96,5.304,1600.1,40.92,11.032,45.5,479,22,0
3.008,68.7,5.177,1421.8,43.25,13.61,36.8,603,164,0
3.34,70.12,5.173,1415.2,48.25,11.344,56.3,1015,27,0
2.072,81.33,5.222,1581.9,43.29,12.221,55.9,1248,350,0
3.554,75.23,4.646,1592.2,50.39,15.031,58.8,517,313,1
2.658,60.94,4.516,1585.1,40.01,13.529,67.3,1551,52,0
4.16,65.15,4.936,1368.4,38.74,9.517,78.6,1465,283,0
1.949,76.99,4.866,1453.4,54.63,10.855,73.9,1541,297,0
3.889,74.21,4.345,1582.3,41.71,14.512,35.9,916,84,1
2.658,69.21,4.702,1504.2,38.45,12.284,46.9,230,348,0
1.979,70.19,4.482,1392.6,36.29,9.702,42.8,869,123,0
2.113,81.96,4.073,1545.8,50.38,10.362,38.8,1138,206,0
2.244,69.82,5.145,1428.5,43.29,13.407,57.2,1540,164,0
2.839,74.12,4.528,1679.5,43.73,13.989,57.7,1208,46,0
2.918,96.7,5.524,1654.5,44.2,12.036,41.4,1749,155,0
2.041,60.76,3.687,1560.4,50.06,16.951,65.6,759,265,0
2.481,56.48,4.222,1636.1,44.1,13.648,66.6,34,278,0
4.214,82.84,4.516,1506.5,56.72,11.513,31.0,296,4,1
3.882,68.21,5.069,1576.5,45.67,10.369,49.8,453,81,1
2.849,71.82,4.7,1647.8,50.31,10.05,74.5,1732,118,0
2.53,67.19,4.655,1524.5,49.03,12.671,56.0,1529,261,0
2.596,72.4,3.936,1474.5,44.82,11.022,47.4,1430,124,0
2.991,90.99,3.922,1329.5,42.07,15.347,42.7,1151,302,1
1.682,83.02,4.661,1491.7,46.66,14.933,42.2,142,214,0
2.294,83.62,3.818,1582.3,47.55,13.266,35.0,648,27,0
1.165,60.84,4.234,1594.6,42.14,9.642,70.9,128,268,0
2.819,63.49,4.75,1550.4,45.83,10.656,34.3,835,24,0
3.018,46.61,4.009,1445.9,51.18,14.511,44.6,1710,6,0
2.113,66.91,5.303,1302.3,55.35,10.874,32.3,925,193,0
3.759,84.57,5.112,1450.5,49.27,14.244,69.1,730,79,1
1.519,80.17,3.714,1469.6,54.31,12.949,32.0,1650,321,0
1.329,72.78,4.034,1468.7,41.85,12.103,45.4,1374,35,0
2.68,74.78,3.357,1561.9,48.51,10.594,58.7,1548,257,0
3.338,68.11,4.109,1698.6,51.69,11.812,50.5,463,112,0
3.847,77.05,4.883,1512.4,40.52,12.379,44.1,1268,293,1
2.133,82.66,4.293,1478.3,42.57,14.065,43.8,564,201,0
3.363,58.84,4.73,1474.1,53.69,10.229,69.9,1210,13,0
2.469,78.0,3.739,1512.4,40.12,11.474,78.7,1257,154,0
2.362,84.32,4.899,1417.2,38.29,12.09,47.4,514,84,0
3.207,70.85,4.222,1512.0,52.64,13.325,32.0,1,139,0
3.022,82.01,4.506,1545.1,50.98,10.183,31.8,1263,96,0
1.239,103.15,4.454,1521.0,47.16,9.367,68.0,1079,184,0
3.681,73.96,3.864,1545.8,44.77,13.348,57.6,1519,341,1
3.604,78.93,3.923,1543.4,42.81,8.964,69.2,1756,357,1
2.0,67.62,4.984,1322.8,46.41,14.57,64.9,1640,188,0
2.817,76.81,4.699,1563.7,52.9,11.688,75.4,1442,81,0
2.895,79.6,5.025,1432.9,46.19,8.905,74.3,1472,299,0
2.709,76.95,4.662,1390.4,55.83,11.039,69.4,338,179,0
2.06,64.8,4.571,1389.6,40.51,12.758,53.8,908,348,0
1.963,77.06,3.637,1543.4,44.9,10.935,45.4,818,104,0
2.48,89.62,4.365,1477.7,43.13,12.04,55.4,1301,209,0
3.438,79.49,4.486,1331.8,39.57,13.48,55.1,1034,328,0
2.935,84.62,5.477,1547.8,44.23,11.596,60.5,1365,248,0
2.204,72.63,4.843,1356.0,47.09,10.126,39.3,1128,71,0
3.117,82.5,5.268,1514.0,47.62,11.402,62.8,345,160,0
0.221,77.79,4.799,1523.8,55.85,14.83,52.8,1394,132,0
3.419,65.49,4.144,1588.6,47.32,15.37,61.0,977,239,0
1.108,78.19,4.559,1678.2,50.75,7.96,42.0,883,77,0
2.21,65.08,4.618,1363.5,45.33,14.182,51.7,198,57,0
1.604,68.67,4.03,1494.8,53.39,12.5,40.5,1038,124,0
1.464,76.89,4.308,1472.4,56.99,13.848,73.8,1704,10,0
3.429,77.97,4.397,1543.4,47.66,10.899,54.4,872,26,0
2.126,63.11,5.303,1521.6,40.04,8.463,41.2,1362,206,0
2.777,85.54,3.46,1464.7,42.26,13.169,32.1,542,221,0
2.462,80.72,5.103,1455.9,46.41,10.118,63.8,457,311,0
2.882,67.95,4.032,1388.4,47.28,9.223,40.7,1550,249,0
2.561,59.62,3.814,1598.8,48.49,9.363,79.5,750,314,0
1.474,73.55,5.09,1545.9,47.3,13.202,56.7,1460,207,0
3.297,70.54,4.866,1591.8,45.03,12.279,44.4,366,108,0
2.105,76.13,5.127,1469.0,41.82,13.565,62.9,401,295,0
1.255,71.37,4.9,1434.3,47.01,13.338,43.8,574,60,0
2.158,54.93,5.53,1392.2,54.27,11.158,71.0,482,121,0
3.701,71.12,4.779,1535.9,50.1,11.859,45.4,110,238,0
3.18,71.94,4.422,1396.0,47.67,10.977,79.4,1019,105,0
2.221,81.34,4.671,1684.9,50.15,11.579,60.3,406,278,0
2.221,68.02,5.122,1369.2,43.14,10.065,72.2,309,35,0
2.243,91.79,4.11,1527.4,42.46,12.781,33.6,160,37,0
4.161,55.88,4.174,1656.7,41.26,14.15,47.4,844,71,1
2.806,88.11,4.346,1559.9,44.37,10.367,66.9,55,55,0
2.844,72.76,3.448,1517.6,42.89,14.563,62.8,761,166,0
3.324,83.6,4.569,1403.2,51.04,12.227,39.7,256,220,0
2.691,75.8,3.557,1361.8,42.62,12.482,47.8,534,75,0
2.293,86.4,4.527,1577.0,40.99,8.601,43.2,422,209,0
2.343,71.13,4.933,1650.6,54.71,8.385,60.7,946,210,0
2.443,64.01,4.262,1456.1,42.74,12.288,47.2,1639,227,0
2.47,89.21,5.339,1386.1,45.77,13.579,45.5,962,224,0
3.082,73.87,3.77,1254.2,47.26,10.657,40.4,813,253,0
2.542,77.22,5.096,1401.9,39.32,15.34,50.5,887,155,0
3.086,87.35,4.838,1488.6,51.18,13.47,39.8,264,362,0
2.435,64.68,3.642,1659.9,48.19,10.183,78.1,748,148,0
2.563,80.95,5.855,1567.3,52.79,12.062,37.7,833,317,0
0.901,69.1,4.468,1530.5,41.6,16.954,75.7,233,278,0
3.233,73.68,4.061,1460.0,45.5,9.515,51.4,680,230,0
2.777,75.72,3.796,1441.7,45.2,13.057,48.9,233,189,0
3.298,60.0,4.39,1640.6,46.32,11.355,41.6,1541,224,0
0.183,67.21,4.436,1520.1,37.73,13.414,61.8,1069,64,0
4.171,88.51,4.551,1289.7,45.55,14.535,64.3,558,107,0
2.388,83.86,4.351,1432.6,37.87,11.228,53.4,1700,79,0
3.387,74.37,4.817,1414.2,46.79,14.238,32.8,913,132,0
1.668,77.43,4.306,1445.4,34.36,16.442,75.9,681,173,0
2.99,72.06,3.533,1556.3,35.74,12.133,79.0,1460,63,0
1.657,88.57,4.425,1489.3,49.09,13.57,51.6,335,209,0
2.001,73.0,3.316,1492.3,42.27,10.819,60.7,404,296,0
4.031,77.32,4.677,1631.3,40.06,12.039,52.5,1188,97,0
2.347,86.46,4.01,1430.4,51.35,11.647,46.1,256,171,0
2.674,67.23,4.582,1686.4,46.64,13.594,33.9,1090,88,0
3.196,90.59,5.157,1432.9,49.36,14.409,52.8,1020,361,1
2.897,59.7,4.026,1508.9,44.17,11.781,70.9,941,225,0
2.62,91.3,5.031,1471.9,58.4,15.067,30.9,772,142,1
2.792,71.27,4.283,1512.3,41.98,15.06,59.1,946,195,0
4.423,72.57,5.377,1544.5,53.72,13.694,74.0,1112,178,0
2.454,56.1,4.317,1543.4,44.69,10.968,40.9,1264,53,0
2.661,70.45,4.08,1424.7,36.73,10.776,39.2,311,195,0
3.341,64.6,4.844,1387.7,47.41,10.375,68.6,1595,216,0
3.384,68.92,4.282,1750.3,46.57,13.898,42.8,682,332,0
3.45,73.63,4.079,1451.6,39.74,9.576,39.6,1282,297,0
3.011,84.58,4.261,1569.9,40.39,13.354,48.9,1582,24,0
1.586,77.08,4.478,1339.2,44.88,9.838,49.6,1538,66,0
3.807,78.08,5.171,1472.0,46.75,13.647,73.7,1458,162,0
1.583,64.04,3.533,1487.3,32.65,12.034,60.9,129,111,0
2.742,66.19,4.512,1547.3,50.27,14.667,50.3,781,328,0
1.897,92.99,4.812,1227.8,42.53,14.283,56.7,326,205,0
2.449,67.65,4.597,1516.6,38.34,14.87,77.7,790,136,0
2.763,91.56,5.155,1385.0,49.71,14.922,35.7,17,278,0
2.757,72.57,4.463,1532.4,44.88,12.287,40.4,699,164,0
2.838,75.02,4.408,1396.4,51.08,9.682,78.1,1009,270,0
3.791,85.7,4.796,1414.5,47.19,9.895,77.9,342,227,0
2.863,87.72,4.55,1472.6,44.99,7.826,38.9,1003,126,0
2.305,73.89,4.305,1394.8,44.24,9.833,37.3,838,269,0
3.271,71.12,4.758,1452.4,47.41,12.138,51.1,628,307,0
3.452,74.44,4.174,1380.7,42.93,10.881,32.5,771,247,0
1.518,78.38,4.194,1316.7,40.74,11.64,62.7,878,339,0
2.978,83.91,4.236,1601.8,48.05,12.985,33.9,1273,35,0
3.061,75.04,5.177,1370.4,44.28,11.392,32.9,710,154,0
2.262,81.19,2.889,1482.1,45.17,9.756,54.3,849,144,0
3.601,91.38,4.698,1575.3,50.45,11.894,77.9,739,259,1
2.38,78.81,4.517,1438.5,44.43,10.203,51.3,177,18,0
2.6,78.12,3.66,1417.5,45.08,11.458,47.8,1779,57,0
2.362,59.81,4.655,1522.6,42.0,14.686,79.9,946,262,0
2.512,48.69,4.738,1611.8,47.15,11.459,56.6,357,35,0
1.623,78.88,4.795,1383.1,46.75,15.542,48.8,495,210,0
1.348,74.05,3.174,1485.0,49.5,14.863,49.3,35,331,0
3.776,69.85,5.183,1326.8,42.1,10.841,39.7,1431,147,0
1.822,77.44,4.131,1460.7,42.71,9.778,55.6,1671,101,0
1.707,74.4,4.843,1503.4,48.96,11.895,51.9,818,75,0
0.777,86.28,4.871,1414.5,46.26,14.307,43.5,10,67,0
1.989,75.86,4.062,1454.3,40.47,11.02,38.0,986,65,0
1.442,67.53,4.83,1359.2,51.53,13.816,45.6,1719,302,0
3.814,84.9,4.307,1507.7,36.51,14.417,55.4,1738,221,1
3.308,72.83,3.464,1605.6,48.92,10.452,32.9,531,150,0
1.949,80.27,5.084,1390.3,38.67,10.648,37.7,1559,273,0
4.302,70.23,4.112,1437.7,54.43,13.425,77.4,95,277,0
3.285,68.5,4.073,1550.3,37.28,12.304,57.1,576,67,0
2.24,75.84,4.298,1621.2,50.76,10.628,33.2,450,234,0
0.5,75.13,4.636,1350.7,44.59,11.296,64.7,1244,202,0
4.333,79.8,4.471,1483.1,43.17,11.859,33.1,1018,232,1
1.388,72.31,4.774,1528.3,45.93,8.87,66.9,96,162,0
1.184,56.64,3.83,1489.8,48.16,13.531,67.5,865,97,0
3.318,70.67,4.129,1252.3,40.48,11.043,62.6,1801,8,0
4.452,82.94,4.442,1550.1,40.92,6.433,66.6,1405,248,0
3.607,72.03,5.449,1651.9,48.25,11.952,34.4,669,226,1
2.951,72.54,4.443,1511.7,36.46,10.517,66.3,207,240,0
2.976,84.86,5.043,1396.9,42.08,15.378,36.8,1810,74,0
3.183,67.88,4.519,1448.7,60.2,10.829,47.0,850,16,0
3.107,59.57,4.258,1677.0,40.16,9.805,77.1,246,50,0
2.725,73.39,4.377,1591.0,50.74,13.016,55.1,1735,227,0
2.583,70.16,4.416,1564.0,42.07,10.679,78.4,1821,193,0
2.45,65.34,4.802,1535.6,47.55,10.441,34.4,1534,279,0
1.897,73.25,5.187,1433.9,48.27,13.019,53.9,884,237,0
2.275,79.92,4.68,1479.9,50.64,9.919,33.1,83,270,0
1.146,74.91,5.094,1492.2,44.0,9.085,61.5,317,156,0
2.421,78.07,4.018,1555.0,54.94,15.452,33.9,645,253,0
1.709,93.13,4.293,1650.9,42.05,13.159,38.8,1129,307,0
1.617,71.57,4.138,1611.8,46.17,11.472,42.9,370,309,0
2.644,77.78,4.657,1358.1,46.23,11.993,67.4,749,313,0
3.614,69.91,4.321,1522.4,39.39,13.012,38.2,1605,300,1
3.235,66.54,4.865,1573.7,43.57,13.947,72.3,1720,117,0
1.244,69.15,4.034,1561.9,45.81,10.488,36.6,630,332,0
1.708,70.21,4.522,1437.1,42.84,12.732,31.8,180,49,0
3.253,78.59,4.843,1791.4,57.2,10.987,49.8,1807,277,0
1.714,98.49,3.467,1372.3,40.81,11.622,79.0,602,51,1
2.32,67.84,5.561,1391.7,50.9,12.321,35.5,600,180,0
2.94,70.83,4.358,1523.4,49.28,11.987,35.1,1107,30,0
1.725,74.37,3.487,1711.7,44.93,13.471,67.6,1556,326,1
2.584,78.96,4.579,1416.4,40.67,12.974,45.6,1643,245,0
1.433,77.64,4.517,1473.4,41.16,8.984,65.9,841,89,0
2.019,87.84,4.459,1607.7,42.41,9.284,40.0,1525,30,0
2.756,50.74,4.996,1498.2,36.07,11.261,53.0,348,101,0
1.226,51.13,4.874,1466.5,39.98,15.657,43.3,1296,229,0
2.852,70.04,4.649,1556.6,37.59,10.297,52.6,331,96,0
2.484,85.97,4.725,1527.3,51.73,11.584,68.5,610,66,0
2.942,59.34,4.448,1603.0,48.09,10.927,68.1,744,191,0
2.679,44.92,5.388,1629.1,48.93,10.892,55.8,569,210,0
3.591,80.71,3.76,1530.7,47.94,12.356,76.4,1685,136,1
2.6,77.44,4.57,1529.2,45.83,14.802,43.2,389,338,0
2.156,64.1,4.533,1521.4,52.3,12.912,42.0,971,183,0
2.598,65.14,4.907,1548.9,41.95,10.393,60.7,747,55,0
2.935,65.3,4.078,1505.5,45.53,17.506,61.1,137,249,0
2.539,76.11,3.628,1499.9,48.74,12.157,32.3,1803,281,0
2.532,68.74,4.578,1619.7,38.39,10.846,60.4,1765,59,0
1.938,79.94,4.641,1651.6,60.48,14.824,48.7,1385,127,0
1.97,46.45,5.245,1349.2,45.14,11.062,67.4,282,204,0
1.378,66.43,3.865,1501.0,45.71,15.326,70.4,1226,213,0
3.9,63.74,5.077,1431.1,51.28,10.259,57.6,1019,126,0
1.505,72.44,5.684,1468.9,49.57,14.86,30.1,744,71,0
1.946,69.62,4.311,1540.3,45.19,12.402,61.8,531,215,0
1.925,82.98,3.855,1566.9,45.65,14.582,67.4,16,89,0
3.216,56.41,4.297,1488.8,37.48,15.804,42.4,1005,313,0
2.264,75.45,4.507,1308.7,42.22,9.735,53.2,568,232,0
3.498,80.58,4.782,1403.5,47.59,14.552,78.3,1138,232,0
1.961,93.57,4.204,1589.6,47.22,9.182,44.9,1092,62,0
2.723,70.18,5.278,1226.0,51.11,9.906,41.2,1614,246,0
1.832,78.24,3.943,1618.7,44.4,10.393,40.5,30,134,0
4.216,56.96,3.63,1552.1,38.06,13.007,57.9,1543,1,1
1.55,51.08,5.053,1631.6,50.28,12.066,77.5,664,160,0
2.748,83.45,3.363,1480.1,52.18,11.666,60.4,999,139,0
3.007,74.94,4.398,1293.9,49.49,12.292,45.2,875,303,0
2.831,86.79,6.059,1543.0,44.18,13.183,61.9,22,308,0
2.352,61.27,4.494,1627.5,50.22,13.336,61.2,1455,201,0
2.396,80.2,3.94,1592.5,62.14,14.188,59.8,1054,124,0
2.535,93.69,4.471,1433.7,45.58,15.64,38.0,956,346,1
2.382,79.2,4.475,1508.7,38.44,11.957,61.7,1703,81,0
3.271,77.77,4.58,1446.7,42.07,10.958,51.5,660,323,0
4.268,75.09,4.831,1418.1,48.13,13.227,30.9,1434,163,0
2.054,59.29,3.98,1595.5,36.98,9.711,57.0,1073,349,0
1.404,88.56,5.344,1380.2,45.85,10.643,79.5,325,239,0
2.429,68.89,4.623,1410.6,46.9,13.999,47.5,1512,212,0
4.564,80.04,4.863,1389.6,52.68,11.752,78.3,1322,148,0
1.857,59.37,4.186,1351.0,51.55,9.584,34.8,1798,71,0
3.811,63.21,5.143,1514.6,49.32,9.02,66.6,181,102,1
3.842,89.35,4.371,1616.2,34.19,12.097,35.7,122,182,1
2.057,71.53,4.639,1481.5,49.61,14.284,43.7,124,183,0
2.955,89.53,4.033,1349.4,48.53,14.257,58.5,1477,12,0
3.803,74.22,4.002,1584.0,46.28,12.222,59.6,266,231,1
2.197,56.58,4.844,1668.6,36.35,16.018,68.8,28,149,0
2.337,83.92,4.278,1435.4,41.12,11.79,60.8,1283,262,0
2.035,69.1,4.073,1452.1,39.17,11.723,59.7,77,23,0
1.688,81.99,4.178,1551.6,34.92,6.865,75.6,432,188,0
1.981,75.25,4.849,1662.2,44.99,11.105,52.6,879,132,0
1.521,59.57,4.185,1448.0,41.01,13.704,41.3,1730,49,0
2.527,76.64,4.441,1366.8,58.13,15.128,38.1,894,182,0
1.884,96.96,4.508,1563.1,44.16,10.34,50.0,1059,25,0
2.687,79.93,3.541,1579.9,51.47,12.925,65.6,436,137,0
1.255,74.42,3.764,1500.6,37.15,14.094,32.1,1138,10,0
2.765,85.75,4.668,1444.2,42.35,12.022,36.5,1086,295,0
3.167,77.11,4.131,1599.4,45.48,7.433,35.3,52,101,0
0.905,77.1,5.028,1552.8,40.46,12.495,59.3,116,10,0
2.799,64.08,4.983,1423.2,42.89,13.523,42.1,47,111,0
3.482,77.34,4.86,1504.9,43.91,10.105,38.3,438,93,0
1.532,85.35,5.41,1364.8,43.83,11.492,59.6,1436,259,0
3.838,66.64,4.458,1568.6,54.28,9.689,68.1,101,257,1
2.835,89.24,4.824,1473.8,46.89,6.86,46.6,1303,166,0
1.936,74.08,4.208,1456.4,47.4,14.054,58.9,107,208,0
2.455,66.12,5.726,1496.7,47.7,11.993,34.9,983,44,0
2.947,84.98,5.492,1504.0,48.06,15.195,76.8,1059,329,0
2.561,72.13,4.506,1589.5,44.59,13.715,46.8,1001,204,0
2.931,82.6,4.693,1559.1,43.4,11.292,79.9,359,358,0
1.763,72.08,5.18,1484.4,45.83,11.834,78.9,887,41,0
2.635,74.4,4.426,1576.4,50.78,13.132,68.9,800,284,0
1.369,79.94,4.172,1540.1,50.63,13.934,31.0,1026,99,0
2.411,77.91,4.937,1457.3,43.8,12.645,57.2,1775,355,0
1.777,55.04,4.539,1487.5,48.84,14.211,34.3,1516,271,0
1.912,63.79,4.591,1485.2,44.03,11.407,74.8,1296,5,0
3.489,84.29,4.083,1550.5,45.17,10.006,69.5,1168,41,0
3.373,73.68,3.641,1463.3,42.63,11.87,78.6,435,355,0
2.987,69.76,4.618,1461.0,44.09,12.41,60.4,1475,252,0
1.626,61.41,4.952,1696.9,51.71,9.597,56.1,604,75,0
2.247,64.2,4.387,1594.0,45.46,9.327,55.9,1757,41,0
3.47,54.78,5.218,1423.9,45.68,12.895,49.3,566,350,0
2.613,73.99,4.148,1557.1,37.76,11.187,53.4,916,267,0
4.355,69.02,3.973,1511.8,43.45,11.668,61.8,228,216,0
2.815,65.33,4.466,1539.2,43.79,11.281,76.6,545,63,0
2.654,74.32,4.459,1513.7,40.85,15.041,59.8,1238,178,0
2.253,78.64,4.885,1619.0,45.11,14.524,72.9,648,28,0
2.607,95.93,4.113,1534.6,42.85,9.525,73.1,248,274,0
2.378,59.88,5.184,1493.8,45.4,10.934,55.9,1432,215,0
3.066,86.59,5.483,1604.2,45.61,13.7,47.4,1077,352,0
3.265,84.73,4.48,1523.3,40.22,13.204,62.0,1600,300,0
1.871,67.21,5.125,1512.1,43.01,11.917,52.3,314,53,0
1.435,77.03,3.972,1531.4,45.39,9.725,34.1,1398,79,0
1.031,70.42,5.038,1490.6,50.92,10.635,48.9,37,193,0
2.906,76.86,5.024,1500.9,46.28,10.966,79.7,724,199,0
1.617,90.09,4.932,1441.3,41.69,12.554,32.4,1548,12,1
0.778,81.06,4.492,1424.9,47.0,15.407,64.8,980,221,0
2.811,80.09,3.023,1400.1,53.54,10.626,72.1,84,192,0
4.494,70.7,4.179,1360.8,49.58,9.948,62.4,900,326,1
2.495,60.16,4.187,1412.0,47.74,11.783,58.5,1118,239,0
3.171,72.92,4.011,1482.6,48.63,14.063,65.4,1439,269,0
2.565,87.07,4.561,1510.3,52.2,9.106,51.5,1366,297,0
2.421,59.73,4.291,1472.9,50.38,14.907,34.6,719,98,0
3.235,64.45,4.088,1264.4,47.83,11.656,78.1,550,219,0
2.268,76.26,3.971,1657.5,50.34,10.531,51.6,1445,331,0
2.714,65.15,4.142,1608.6,39.59,8.8,63.3,1372,103,0
2.757,67.07,5.061,1544.6,37.49,13.413,56.6,715,64,0
1.966,70.76,4.169,1690.7,45.79,11.658,32.7,1806,144,0
3.294,61.34,4.243,1402.3,45.34,12.341,77.6,587,37,0
2.36,65.26,4.272,1688.8,42.28,10.198,69.6,1152,27,0
1.895,82.03,4.669,1403.5,49.13,11.362,37.5,152,288,0
2.929,61.93,4.728,1523.9,35.69,11.027,79.1,1546,236,0
1.781,59.02,2.978,1372.6,42.33,11.799,66.8,1062,125,0
2.523,68.7,5.011,1501.5,42.58,10.661,53.6,1451,325,0
2.493,82.32,5.218,1538.6,36.82,8.932,60.6,1129,84,0
3.369,73.03,3.975,1484.5,52.47,17.457,35.3,165,236,0
2.88,70.35,4.014,1571.4,38.2,9.273,58.0,938,245,0
2.48,75.44,4.275,1509.9,42.06,12.363,33.7,1568,265,0
3.154,57.54,4.122,1447.8,49.54,8.456,57.2,212,248,0
3.612,79.95,4.612,1443.3,48.23,8.006,57.6,526,291,1
2.946,78.83,3.527,1581.1,39.46,12.196,73.7,742,204,0
2.508,70.91,3.941,1434.6,48.41,12.349,66.3,132,227,0
1.451,85.06,5.27,1591.5,46.45,14.523,42.5,1176,239,0
1.648,63.73,4.036,1622.3,56.67,12.799,74.4,96,72,0
2.256,86.28,5.122,1333.1,47.02,11.7,58.7,1527,158,0
2.012,76.54,4.678,1613.3,44.29,10.101,60.3,1013,211,0
2.35,71.63,3.595,1706.0,40.72,14.998,38.4,522,135,0
2.545,74.8,4.818,1525.2,41.28,13.858,72.9,374,282,0
2.924,73.93,4.441,1559.9,40.87,9.507,76.5,1040,163,0
2.444,87.2,4.272,1603.7,51.86,12.076,68.7,1703,136,0
2.889,64.23,4.622,1472.5,45.09,12.288,77.0,608,170,0
2.552,67.37,4.737,1518.2,47.83,11.309,45.1,18,151,0
0.92,85.36,4.854,1368.6,52.57,13.544,73.1,1433,164,0
1.749,69.04,5.089,1513.9,33.21,13.663,54.4,1031,296,0
2.385,84.01,4.704,1549.8,51.39,11.619,38.2,1720,103,0
1.532,91.99,3.812,1551.6,45.28,11.438,63.4,1269,221,0
2.98,70.98,4.263,1606.5,47.18,14.998,64.2,978,281,0
3.725,81.81,5.972,1422.5,40.86,13.866,44.3,879,128,0
3.475,63.46,4.862,1446.7,41.22,12.145,31.4,594,219,0
2.329,82.55,5.685,1689.6,47.44,8.742,40.0,643,172,0
3.693,76.99,5.198,1485.0,56.92,12.688,50.0,129,347,1
2.619,79.73,4.621,1520.0,50.02,13.396,38.4,801,95,0
2.23,68.54,4.651,1493.3,51.33,6.491,39.7,455,51,0
2.009,58.39,4.482,1417.8,44.04,12.504,49.6,1610,93,0
2.258,80.03,3.631,1662.4,42.0,11.167,78.1,876,63,0
2.189,54.37,4.509,1447.2,41.1,11.558,68.2,571,20,0
2.636,71.83,5.105,1387.3,42.56,10.185,46.0,1096,105,0
2.628,84.41,4.2,1454.9,34.74,11.704,77.6,1014,335,0
2.502,76.92,4.706,1299.8,41.38,14.784,62.3,1184,199,0
2.85,94.48,4.926,1434.9,42.2,11.107,52.8,1111,331,1
3.453,85.25,4.045,1403.2,44.12,13.931,53.4,401,351,0
3.26,68.46,4.274,1561.7,45.66,10.387,50.5,462,280,0
1.312,75.27,3.991,1432.7,46.81,13.518,41.6,1553,281,0
0.457,74.53,4.089,1588.8,44.93,12.003,49.3,89,99,0
3.247,59.18,3.856,1639.8,42.09,12.704,56.4,1685,336,0
1.406,65.6,4.05,1578.1,35.18,12.014,56.4,823,26,0
2.32,69.39,5.21,1478.5,42.12,13.283,68.1,6,244,0
1.564,54.64,4.042,1514.1,40.14,6.865,47.9,1620,62,0
1.058,75.47,4.563,1347.5,47.33,9.16,65.8,945,341,0
2.933,72.51,4.249,1486.6,49.55,12.834,58.9,84,37,0
3.107,58.27,5.089,1414.0,49.69,7.913,78.1,1274,301,0
2.039,79.04,5.156,1569.4,48.78,10.939,49.3,1690,126,0
0.427,82.16,4.932,1757.3,44.33,11.891,75.1,1440,70,0
2.063,77.27,4.653,1550.0,42.39,10.344,71.0,1096,133,0
2.813,71.76,4.384,1300.9,41.26,10.617,61.9,621,252,0
1.317,80.91,3.904,1463.9,37.46,12.543,62.7,1136,12,0
2.647,81.8,5.472,1512.2,49.96,14.019,34.2,172,173,0
2.488,78.07,4.12,1508.7,44.13,10.083,77.5,699,89,0
2.963,66.75,4.832,1426.9,38.77,10.85,35.3,1821,288,0
2.596,77.77,5.03,1524.5,40.87,10.537,58.2,273,206,0
1.722,86.95,4.222,1375.7,40.67,7.157,46.5,530,61,0
3.457,69.03,5.019,1405.5,45.22,12.283,51.5,1704,318,0
2.373,95.98,4.882,1564.6,50.34,13.869,60.5,319,311,0
2.478,69.74,5.364,1398.4,43.26,14.033,75.4,1106,38,0
1.753,75.32,4.265,1553.8,33.74,10.258,52.9,1099,59,0
2.145,68.28,3.857,1363.1,44.05,9.497,79.4,429,104,0
1.792,77.23,4.247,1676.5,44.22,12.043,59.6,1484,238,0
2.362,57.58,4.604,1422.6,43.88,13.659,38.0,847,126,0
3.869,69.54,4.529,1477.6,41.86,12.31,39.5,1370,82,1
1.402,64.08,4.303,1533.1,46.09,12.579,65.8,249,219,0
1.209,76.35,3.545,1443.5,45.33,14.284,32.5,1667,104,0
3.677,84.94,4.735,1514.3,44.88,10.522,54.0,387,73,0
2.333,81.46,5.486,1557.5,47.06,11.56,37.4,1737,134,0
1.965,51.28,4.732,1596.1,42.85,15.269,51.7,363,61,0
3.332,95.42,4.805,1579.1,42.57,11.606,67.5,1320,0,0
2.016,77.95,4.786,1482.8,51.9,9.465,52.9,68,78,0
3.961,67.24,4.699,1485.3,47.8,10.661,38.2,438,64,0
3.042,76.57,4.966,1734.9,49.13,10.124,42.6,1016,182,0
2.11,76.76,4.698,1595.0,51.13,12.714,48.4,1556,65,0
4.226,68.33,4.344,1407.8,47.63,10.208,33.5,1807,322,1
2.015,76.98,4.102,1510.0,49.64,12.542,59.2,1629,355,0
3.094,68.93,4.376,1466.5,37.1,10.528,60.4,1157,207,0
2.739,70.96,4.657,1486.5,46.02,7.753,33.1,1319,53,0
3.541,68.14,4.342,1377.1,44.09,12.613,50.1,296,220,1
3.749,60.67,4.657,1458.8,53.39,12.297,50.7,647,235,1
2.526,76.46,4.72,1681.2,49.64,13.036,46.7,33,99,0
1.897,80.85,4.917,1557.9,41.85,10.654,57.9,1398,102,0
2.868,80.15,5.141,1250.9,46.86,10.441,47.3,32,181,0
1.958,83.2,4.539,1621.7,45.84,12.803,50.8,555,107,0
4.111,78.24,3.846,1609.0,47.27,15.038,69.9,305,11,1
2.609,69.67,4.327,1464.1,39.91,12.022,38.1,793,342,0
2.208,83.4,4.522,1571.7,46.8,12.849,61.0,1132,85,0
2.648,61.42,3.582,1414.1,43.86,11.357,55.3,96,287,0
1.422,65.99,5.194,1453.0,46.41,8.913,45.3,1090,326,0
1.723,65.36,4.571,1649.9,41.38,13.935,66.4,521,213,0
3.46,85.8,4.691,1472.8,42.07,13.817,57.6,230,43,0
1.974,84.43,5.183,1313.0,50.87,13.422,53.9,733,321,0
1.662,79.87,4.185,1493.7,39.74,11.636,63.4,358,77,0
2.929,85.72,4.787,1492.1,40.11,13.194,70.1,402,54,0
3.449,66.21,4.445,1619.8,44.74,13.788,78.6,790,271,0
3.075,78.49,4.408,1501.4,41.14,15.24,61.5,99,343,0
3.297,73.75,4.114,1457.8,40.57,13.977,73.7,271,70,0
1.895,83.47,5.333,1604.5,45.53,12.128,30.1,1799,67,0
1.363,73.85,4.312,1512.1,37.47,9.383,56.5,362,179,0
3.701,71.15,4.85,1425.0,39.96,12.311,40.7,1188,173,0
2.242,80.41,3.562,1615.5,55.27,12.513,34.7,528,168,0
2.299,83.76,5.09,1519.4,47.3,13.418,56.6,1193,260,0
3.563,68.32,5.026,1500.3,41.27,14.708,67.3,1045,124,1
2.945,74.39,4.549,1517.8,47.09,11.81,50.6,540,130,0
2.865,64.42,4.387,1392.9,47.84,16.202,63.5,595,233,0
4.232,50.02,4.7,1447.2,49.97,8.481,54.5,1809,153,1
1.985,77.0,5.644,1500.4,44.36,12.839,51.9,833,329,0
3.242,81.09,3.618,1480.5,49.88,10.403,44.5,397,124,0
2.546,77.62,4.891,1627.2,34.81,8.186,49.1,1060,353,0
2.715,55.5,4.044,1521.7,39.72,11.596,47.5,495,99,0
3.723,71.49,4.49,1585.5,45.82,9.086,62.3,314,52,0
2.906,52.82,4.376,1500.9,46.65,11.677,35.8,490,331,0
2.931,88.7,4.286,1605.6,40.44,12.07,34.6,1300,127,0
3.358,64.14,4.495,1539.8,46.3,14.237,63.0,233,13,0
2.208,87.55,3.933,1501.3,41.88,8.985,57.3,1640,4,0
1.829,84.46,5.015,1498.7,43.62,13.817,51.5,1460,249,0
1.664,65.99,3.603,1404.6,50.12,12.196,37.6,1030,26,0
0.927,63.67,4.77,1550.7,49.54,14.058,50.6,1559,124,0
4.145,78.5,4.337,1496.0,40.01,11.136,69.5,1706,28,0
1.617,66.56,3.915,1449.8,39.71,9.336,74.5,664,2,0
2.323,76.02,4.601,1610.6,42.94,9.565,65.1,244,227,0
2.279,70.17,3.722,1375.0,44.87,9.416,33.0,241,136,0
2.746,57.19,4.52,1457.8,41.71,12.956,63.5,1797,256,0
3.153,52.7,3.789,1602.8,50.2,14.954,42.0,558,239,0
3.188,77.27,4.731,1531.6,46.74,10.87,45.8,1297,278,0
2.034,69.38,4.038,1495.2,47.03,13.258,39.8,75,322,0
2.366,69.47,4.275,1525.1,38.67,8.953,68.8,283,159,0
2.726,81.96,4.647,1517.9,50.84,12.361,62.4,1732,5,0
2.301,86.73,4.114,1348.3,30.9,13.337,60.6,1559,304,0
3.786,72.27,4.471,1465.1,49.17,9.104,63.4,87,142,0
2.893,71.59,3.743,1661.7,49.67,11.592,41.8,881,180,0
3.088,80.0,4.815,1434.1,42.84,13.432,52.2,1657,29,0
3.03,61.43,5.382,1468.2,51.36,6.132,61.7,930,252,0
3.439,77.23,5.896,1445.8,44.68,14.671,61.8,1173,39,0
2.645,80.52,4.546,1491.3,45.31,12.707,69.6,1174,186,0
1.463,81.8,4.894,1441.7,46.7,13.433,44.4,1601,318,0
2.82,55.63,3.61,1548.7,60.93,11.175,68.5,160,303,0
1.979,67.39,5.251,1519.7,51.72,8.555,52.0,446,226,0
2.077,66.22,4.888,1577.4,48.51,13.068,63.5,1820,219,0
2.969,76.0,4.258,1394.9,40.44,11.835,52.8,82,323,0
3.491,79.81,5.119,1466.0,45.72,12.064,77.4,1031,42,0
2.517,89.97,4.373,1477.4,40.93,14.175,39.0,182,143,0
2.747,70.05,4.271,1545.6,49.11,13.524,63.8,870,277,0
3.862,70.02,4.738,1420.7,45.7,15.842,58.8,966,318,1
2.693,86.5,3.968,1591.6,39.38,12.308,38.6,1550,173,0
4.581,77.97,5.011,1618.6,45.41,10.618,33.3,478,246,1
2.952,87.68,3.972,1401.1,40.75,11.623,70.0,183,172,0
1.091,77.89,3.975,1450.9,45.76,12.831,37.9,1338,40,0
3.103,63.43,4.045,1446.8,40.7,14.032,39.3,1580,49,0
2.805,61.67,4.88,1763.2,45.14,9.066,78.9,174,322,0
3.532,59.48,4.192,1457.0,48.75,12.017,65.9,14,179,0
3.039,81.62,3.826,1667.8,44.73,15.219,42.5,1324,341,0
2.389,86.89,4.197,1373.3,43.05,11.52,59.5,73,158,0
1.521,93.49,4.484,1401.0,46.02,13.862,56.7,1759,36,0
2.333,83.43,3.91,1431.3,48.49,12.986,72.2,514,26,0
1.82,86.63,3.924,1415.4,39.46,13.912,66.5,1746,255,0
2.036,69.2,5.556,1473.2,46.3,10.38,71.6,1797,277,0
2.971,63.44,4.07,1429.1,51.59,10.389,40.6,602,248,0
3.836,83.5,4.338,1418.1,47.87,12.041,62.0,343,180,1
2.816,79.18,4.316,1615.8,45.29,8.936,32.0,1420,16,0
1.543,76.07,4.289,1622.4,48.2,11.461,33.4,1788,124,0
2.856,78.87,4.811,1594.9,47.26,12.506,65.7,333,311,0
3.457,78.23,4.974,1552.4,48.77,15.569,31.2,355,211,0
2.012,87.84,4.347,1509.3,34.88,12.805,59.0,1583,236,0
2.393,87.95,3.882,1450.3,37.23,13.25,72.0,847,298,0
2.512,80.44,5.137,1404.7,50.02,14.329,49.0,163,199,0
1.872,83.46,4.452,1536.3,37.47,10.071,32.2,116,180,0
3.019,80.14,5.365,1382.6,47.01,11.67,65.7,1427,129,0
2.403,70.39,3.377,1400.6,43.24,16.851,76.5,1103,120,0
2.836,82.57,4.598,1615.3,40.02,11.842,65.9,1471,186,0
1.79,61.06,5.459,1690.1,46.75,14.233,58.9,1032,226,0
2.15,85.54,4.323,1539.3,46.01,13.927,41.5,1047,161,0
3.078,63.05,4.387,1610.6,55.55,9.044,30.8,1805,111,0
2.202,77.86,4.648,1475.4,41.88,12.621,64.7,791,133,0
3.882,66.55,4.221,1366.2,52.2,12.293,41.6,543,185,1
2.18,80.53,4.344,1561.2,46.76,12.66,72.9,414,174,0
2.68,74.66,4.331,1556.9,41.69,10.492,53.3,682,260,0
3.246,59.05,4.186,1507.2,49.0,9.766,56.5,642,316,0
1.365,79.21,5.114,1475.8,47.83,11.048,67.7,1433,311,0
1.091,69.22,4.731,1596.2,45.18,11.804,69.0,669,357,0
1.279,83.81,4.625,1401.4,46.33,14.37,62.1,22,268,0
3.51,75.01,4.904,1422.6,42.02,15.635,76.9,1662,281,1
2.059,78.95,4.368,1399.2,40.87,14.793,79.1,1427,223,0
4.547,65.42,4.113,1508.5,48.8,13.72,77.3,969,251,0
2.049,69.11,4.199,1391.2,43.88,9.991,71.2,1705,63,0
2.648,70.41,4.501,1431.6,44.6,11.182,65.3,1702,317,0
3.734,83.57,3.97,1429.4,46.4,12.42,63.2,1181,123,0
4.105,91.77,4.25,1473.9,46.33,10.735,35.2,330,69,1
4.149,66.95,4.242,1351.3,37.85,13.154,43.6,1046,237,0
3.467,85.77,5.562,1508.7,51.43,13.441,30.3,1496,74,0
3.319,53.3,3.113,1624.7,45.61,13.073,36.9,1288,9,0
2.974,63.06,4.41,1513.5,43.99,14.05,52.0,1327,267,0
3.123,65.41,5.363,1654.1,47.15,10.191,37.3,902,87,0
2.059,61.47,4.561,1633.4,46.18,13.866,75.1,1799,49,0
1.845,59.16,4.877,1577.8,48.84,10.609,70.3,724,142,0
2.497,79.13,4.55,1507.5,47.69,10.118,33.6,1489,58,0
2.364,72.86,4.166,1502.3,48.59,13.064,42.4,1188,317,0
2.137,78.79,3.379,1576.4,51.75,14.432,71.0,1160,210,0
3.057,81.9,4.603,1460.8,49.42,12.976,70.2,252,71,0
3.264,77.66,4.112,1311.7,44.2,12.042,77.3,205,243,0
2.571,81.58,4.1,1549.2,39.39,12.62,79.9,1326,238,0
3.682,74.3,4.251,1386.9,53.34,12.273,78.8,1266,189,1
1.587,63.13,5.372,1403.8,43.81,9.748,50.5,832,49,0
2.345,85.58,5.702,1500.0,42.63,9.515,42.5,791,204,0
1.927,69.11,4.609,1490.5,36.32,11.842,67.9,1085,53,0
1.007,65.64,4.268,1358.8,46.69,12.16,45.0,465,309,0
2.434,73.22,3.911,1516.5,45.74,12.023,70.3,1326,223,0
2.403,65.87,4.734,1596.6,37.42,13.352,56.7,1496,155,0
3.711,70.83,5.391,1387.2,47.27,11.569,69.7,394,359,1
3.005,78.44,4.376,1627.2,42.51,13.126,43.8,1631,50,0
1.681,78.48,3.311,1344.0,58.45,11.711,55.4,1021,240,0
3.983,66.02,4.835,1711.7,42.15,15.647,58.2,660,329,1
3.477,70.12,4.993,1458.9,42.82,12.161,77.2,912,160,0
2.966,85.74,3.707,1514.6,40.63,16.681,43.3,1283,128,0
2.319,79.96,4.588,1310.8,51.39,12.704,76.8,1566,84,0
1.732,95.75,4.726,1493.8,43.14,11.573,70.2,530,68,0
2.202,86.8,4.463,1522.8,41.38,10.201,66.5,1211,54,0
3.371,86.44,4.105,1491.4,48.53,9.114,69.3,1236,84,0
4.008,61.12,5.008,1443.7,38.1,10.017,60.3,1059,344,1
3.735,82.64,4.298,1405.3,48.13,10.241,42.2,1171,328,1
2.109,74.47,3.757,1613.1,53.91,12.79,39.5,1306,79,0
1.604,69.49,3.475,1503.1,47.83,10.948,73.3,1571,219,0
2.613,76.68,5.13,1654.1,48.19,12.374,66.3,1612,109,0
1.085,84.45,4.808,1447.4,49.35,14.564,40.7,1608,252,0
2.759,80.01,4.544,1456.5,53.55,11.824,60.8,1273,316,0
2.382,66.22,4.28,1581.6,51.05,16.158,52.4,57,163,0
2.127,82.42,4.236,1337.7,47.2,9.648,37.9,1329,102,0
1.224,68.62,3.962,1378.7,49.52,11.699,56.6,522,112,0
2.911,77.17,4.284,1609.7,40.57,10.921,44.1,1749,251,0
2.074,71.97,3.44,1382.8,48.88,13.873,34.8,361,151,0
1.564,72.81,4.132,1318.1,39.97,7.52,53.3,1261,335,0
0.202,82.66,4.345,1686.9,43.16,9.114,59.5,234,250,0
2.478,64.6,4.805,1360.6,29.59,11.785,32.3,223,353,0
3.918,94.45,4.48,1518.4,47.01,15.103,50.1,1640,87,1
3.829,56.79,4.897,1506.9,41.78,12.452,42.9,327,99,0
2.134,69.02,5.175,1218.9,50.56,9.297,31.5,1122,119,0
2.018,78.7,5.029,1473.3,46.95,9.606,36.3,1250,302,0
2.875,80.84,4.735,1544.8,50.62,15.346,37.0,1758,203,0
1.701,74.0,4.506,1535.4,39.58,10.758,39.1,836,148,0
2.741,74.43,4.01,1590.4,50.19,10.114,70.2,489,200,0
3.113,79.11,4.87,1461.3,55.53,14.955,52.0,478,294,0
3.482,72.69,5.34,1571.3,48.82,14.022,37.4,985,2,0
2.42,88.93,4.671,1431.1,48.95,14.548,35.0,1358,67,0
2.337,83.39,5.459,1359.0,45.85,10.1,44.9,792,153,0
1.798,83.73,3.737,1370.2,42.38,8.95,69.9,1579,181,0
1.838,65.34,3.923,1353.8,48.81,12.266,48.2,512,12,0
2.319,74.21,4.928,1601.0,37.47,12.67,38.0,1013,188,0
2.794,72.0,4.632,1348.5,42.91,12.729,50.2,382,19,0
3.231,64.94,5.157,1527.4,36.14,14.956,57.8,1447,338,0
1.857,78.6,4.492,1473.4,41.48,8.532,31.5,1372,282,0
3.694,69.62,4.066,1489.7,48.21,13.719,61.4,1177,9,0
2.283,81.55,4.393,1636.4,47.53,9.807,49.8,452,187,0
2.483,64.3,3.734,1456.2,45.25,13.711,30.5,1314,344,0
1.902,92.19,3.936,1561.2,45.85,11.05,63.7,1760,18,1
0.561,66.04,4.986,1503.8,35.57,10.372,65.6,1143,142,0
3.207,77.19,4.936,1484.8,43.14,10.78,61.4,214,102,0
3.089,82.92,4.682,1730.0,41.59,9.109,47.1,565,302,0
2.275,69.29,3.639,1355.9,41.7,12.081,56.5,732,240,0
2.554,83.52,4.321,1628.9,48.0,10.455,49.4,439,151,0
2.913,62.71,3.888,1565.6,40.7,13.573,65.0,755,271,0
1.25,89.52,5.088,1452.0,41.98,13.28,59.2,1589,336,0
2.077,75.14,4.208,1662.9,34.56,15.376,34.1,629,187,0
3.135,69.04,3.957,1315.2,43.53,12.733,62.2,903,209,0
1.497,72.01,4.515,1447.8,39.56,13.041,64.4,1471,176,0
2.735,83.09,4.18,1379.2,45.4,14.8,48.5,1066,193,0
1.415,69.16,5.242,1541.2,40.24,10.745,73.8,395,176,0
2.873,67.51,4.133,1388.7,45.52,9.023,72.2,247,65,0
2.471,72.78,3.8,1543.3,44.28,12.4,38.8,905,309,0
1.208,63.23,3.424,1481.4,53.36,9.155,75.2,1315,1,0
3.432,93.21,4.485,1452.1,47.49,16.908,52.0,248,316,1
1.912,69.34,4.219,1538.9,35.8,14.911,66.2,1637,270,0
1.852,83.32,3.786,1473.1,38.68,16.328,70.7,599,59,0
2.66,77.09,5.095,1391.1,45.28,12.125,55.3,865,42,0
3.419,65.15,4.834,1780.1,40.35,13.101,50.0,1473,92,0
1.687,74.94,4.486,1451.3,30.16,11.081,75.8,84,225,0
2.549,82.84,5.182,1278.2,51.75,13.766,41.5,773,285,0
2.843,73.12,4.831,1415.8,48.6,9.569,42.8,1245,62,0
3.054,86.93,4.089,1373.3,47.6,6.914,48.1,1690,279,0
2.641,85.22,3.98,1582.6,41.96,10.419,73.0,51,13,0
2.206,84.19,4.909,1532.2,47.14,9.089,76.9,550,27,0
1.838,70.4,4.698,1539.9,41.48,14.956,41.0,771,141,0
2.569,64.2,4.585,1463.0,46.02,15.631,73.2,981,107,0
1.642,68.86,4.077,1472.1,40.4,9.194,42.9,1211,289,0
0.163,76.96,4.804,1462.9,52.58,14.583,78.5,1549,77,0
2.849,80.46,4.122,1491.9,37.15,13.903,59.9,1247,246,0
3.223,53.28,4.449,1583.5,51.16,8.86,30.4,465,11,0
0.61,74.92,5.223,1533.6,45.19,11.219,31.7,419,183,0
1.692,76.58,4.17,1550.0,42.55,10.84,37.4,87,316,0
2.995,72.22,3.714,1550.0,45.84,13.496,39.4,259,360,0
4.146,87.91,3.974,1588.4,48.67,9.542,68.4,1205,295,1
2.517,79.22,4.997,1528.8,51.83,11.802,41.1,311,239,0
1.918,88.1,4.627,1535.9,46.57,10.628,78.5,173,262,0
2.354,72.84,4.436,1618.9,40.55,12.947,61.8,1346,334,0
3.6,84.37,4.245,1433.5,45.28,11.566,64.6,1731,72,1
1.983,91.35,4.743,1414.4,54.08,10.93,40.9,1364,67,0
1.861,88.12,4.075,1381.4,51.74,11.573,74.6,1520,286,0
2.114,64.08,4.653,1518.3,49.54,16.072,63.4,1269,325,0
1.737,72.46,4.134,1314.6,48.98,11.166,73.2,940,219,0
2.598,71.55,4.051,1546.2,48.5,9.918,77.8,505,46,0
3.8,79.89,4.181,1489.1,50.79,13.167,36.3,329,57,0
2.758,81.86,4.312,1613.5,42.72,11.713,34.8,196,23,0
2.298,66.61,4.476,1432.8,38.22,9.17,70.2,62,289,0
2.267,75.68,4.618,1479.7,45.35,16.463,73.3,1049,318,0
1.249,54.8,2.656,1612.2,40.91,11.295,59.2,1588,23,0
3.206,89.42,4.096,1638.3,39.72,11.244,48.3,562,63,0
2.438,69.88,4.304,1432.0,41.4,12.32,62.6,1402,254,0
2.356,75.56,5.253,1518.2,57.43,15.46,45.3,897,147,0
5.054,71.9,3.96,1529.4,45.68,8.641,41.9,1319,115,0
2.739,86.46,4.581,1537.4,46.81,12.552,54.4,1076,97,0
1.899,46.62,5.248,1473.7,38.89,16.175,40.8,844,238,0
2.159,74.83,3.844,1628.1,35.78,12.257,54.2,40,282,0
3.419,73.94,4.697,1311.0,40.9,9.529,77.8,1768,299,0
2.591,70.46,4.099,1457.9,52.19,10.763,72.0,1596,92,0
1.349,92.26,4.248,1544.8,46.67,12.414,77.1,728,64,0
3.235,66.13,4.098,1545.7,47.99,14.662,70.3,457,173,0
1.965,82.72,4.134,1635.3,48.69,11.321,47.7,878,309,0
3.999,78.56,5.861,1619.8,42.04,13.653,70.6,1733,234,1
3.364,87.62,4.922,1471.4,51.94,9.129,76.1,788,166,0
2.142,68.33,5.051,1630.0,41.84,9.113,77.4,2,236,0
3.525,67.67,4.746,1428.6,52.03,11.034,64.2,1493,6,1
2.554,85.96,3.697,1593.1,47.21,14.876,40.6,1130,309,0
3.182,79.25,4.697,1681.1,36.05,12.138,32.0,216,42,0
2.888,59.55,5.036,1621.5,41.26,12.58,37.4,777,275,0
1.823,69.61,4.073,1510.6,36.08,12.556,78.3,679,339,0
1.985,78.86,4.983,1466.8,50.82,14.218,53.1,1783,152,0
3.324,83.38,4.852,1347.1,44.88,10.78,72.7,414,42,0
2.232,68.21,5.426,1531.1,33.86,13.377,53.3,210,212,0
2.177,45.86,4.291,1388.5,46.88,10.338,63.0,1082,200,0
1.736,80.23,3.951,1420.7,42.31,15.967,31.2,43,154,0
2.839,62.8,4.319,1380.9,37.58,10.399,42.5,138,219,0
4.15,54.83,5.218,1454.0,53.39,10.235,51.8,1645,152,1
1.646,46.68,3.586,1497.2,45.54,13.099,61.5,1513,35,0
2.519,83.14,3.466,1527.4,43.53,12.16,38.6,1584,225,0
3.63,76.29,4.545,1439.9,43.0,12.654,68.2,638,321,1
2.436,72.74,4.279,1606.9,37.43,12.455,48.2,469,120,0
2.862,88.89,4.504,1479.2,38.48,9.819,70.9,726,8,0
1.65,81.37,4.973,1421.2,51.42,15.227,34.9,1664,338,0
2.843,91.16,4.224,1522.6,42.63,13.787,64.0,1413,334,1
2.35,61.07,3.563,1696.4,45.11,14.718,44.7,1222,180,0
3.289,74.65,5.522,1533.5,34.78,10.943,69.8,202,20,0
3.45,58.83,4.001,1463.7,38.41,12.833,50.1,192,271,0
4.572,72.71,3.97,1347.3,48.05,12.395,63.3,107,193,0
2.964,72.51,5.052,1478.1,46.89,14.256,76.7,1730,25,0
2.761,81.27,4.308,1523.5,53.77,14.32,31.0,327,284,0
2.656,75.46,4.468,1461.2,51.71,12.386,30.6,750,97,0
2.217,81.23,4.741,1333.5,43.85,8.964,68.5,644,218,0
2.771,82.03,5.042,1414.9,47.36,15.559,62.3,357,326,0
2.264,96.55,4.333,1645.5,43.42,13.112,44.6,595,272,0
2.635,71.85,5.26,1643.4,55.27,10.783,54.7,501,287,0
3.554,65.59,3.432,1411.3,50.75,12.813,32.1,1308,65,1
1.695,77.46,4.88,1567.3,45.85,8.978,39.6,468,314,0
3.412,66.98,4.08,1382.1,46.0,14.111,51.2,508,110,0
3.554,89.82,5.186,1640.4,52.22,9.058,71.7,1758,211,1
2.406,72.17,4.571,1524.5,47.9,11.558,54.0,106,170,0
0.803,69.34,4.164,1595.0,52.79,12.489,59.3,1318,338,0
2.014,70.29,4.831,1328.5,34.03,14.078,73.7,1090,58,0
3.538,82.18,4.947,1567.8,47.31,12.213,45.4,195,29,1
2.482,73.42,4.821,1499.2,42.42,13.27,65.0,1212,266,0
1.701,68.58,3.985,1585.2,53.78,11.944,73.1,47,153,0
2.096,91.65,4.258,1591.5,52.73,11.936,40.1,1386,349,1
3.172,66.44,4.498,1506.6,45.16,12.171,47.8,1009,1,0
2.937,75.36,4.479,1439.9,52.68,11.622,79.0,537,168,0
2.309,81.52,4.875,1578.0,53.92,8.627,79.2,1602,213,0
2.207,58.69,3.493,1494.0,45.37,10.463,41.2,1511,250,0
2.187,79.8,4.667,1412.7,57.36,12.49,33.3,847,30,0
1.762,64.45,4.355,1408.0,44.84,11.502,43.5,1603,318,0
3.792,83.23,4.081,1352.3,43.93,11.688,49.9,709,182,1
2.242,65.37,4.129,1449.0,49.33,11.353,52.1,1270,188,0
3.474,81.93,4.393,1610.3,43.23,10.273,60.9,808,212,0
3.717,86.06,2.699,1517.8,45.43,11.014,75.0,612,126,1
3.299,83.61,4.149,1447.0,52.05,11.386,46.5,1202,291,0
2.155,77.51,4.062,1580.5,45.1,12.01,72.5,115,295,0
2.823,72.69,4.766,1416.8,36.52,12.787,34.7,680,22,0
2.481,69.24,4.097,1509.5,46.84,11.639,32.1,631,17,0
1.777,89.71,4.392,1482.0,41.52,9.941,55.2,1189,78,0
2.759,68.01,5.271,1577.9,49.33,9.204,33.0,219,33,0
1.557,64.63,4.997,1342.3,48.48,17.195,49.6,197,106,0
3.45,81.65,4.951,1415.0,52.36,9.74,74.8,401,304,0
2.128,67.04,4.25,1336.2,49.54,10.963,42.1,749,198,0
2.661,65.5,4.772,1474.0,50.45,13.034,65.3,681,190,0
2.727,60.56,4.383,1621.1,41.65,12.722,45.1,76,231,0
2.293,70.17,4.402,1449.5,49.02,13.042,32.2,1450,61,0
2.969,74.17,4.705,1448.9,54.84,11.115,57.8,287,41,0
2.12,77.43,4.202,1587.2,41.56,12.477,71.7,1569,23,0
3.197,84.51,5.247,1606.9,54.0,12.123,50.5,1323,162,0
1.423,80.27,4.42,1491.1,42.25,11.376,60.9,861,182,0
2.601,73.09,4.809,1568.5,40.74,12.491,75.0,742,332,0
4.051,73.02,5.228,1392.3,46.48,14.111,69.5,1731,94,1
1.7,80.1,5.016,1637.8,48.58,11.956,39.7,294,82,0
1.958,87.73,3.796,1714.9,49.56,11.969,66.7,809,92,0
2.911,76.26,4.722,1552.1,40.19,14.136,55.1,886,277,0
2.644,70.31,4.925,1291.6,47.17,13.923,67.3,1471,104,0
2.781,65.07,4.946,1444.2,41.57,15.168,54.7,414,84,0
2.891,60.55,3.943,1561.3,37.56,8.488,36.4,431,60,0
3.008,81.66,4.171,1457.9,40.36,13.81,58.5,1814,207,0
3.388,80.78,4.997,1627.2,41.25,13.203,54.6,1254,157,0
2.828,80.77,4.119,1558.8,47.61,10.229,55.9,1120,68,0
2.307,73.71,4.35,1429.4,50.76,12.503,73.9,1463,261,0
3.038,89.07,5.288,1503.2,37.63,14.102,74.7,171,340,0
4.02,70.16,4.476,1410.6,46.76,10.342,52.7,1341,233,0
2.394,84.55,4.137,1481.7,39.12,12.885,52.8,544,138,0
1.72,74.61,4.061,1444.5,48.15,13.743,55.8,1515,279,0
3.386,68.92,4.666,1617.5,41.89,9.858,56.0,1412,334,0
2.404,80.93,3.833,1711.6,39.74,11.715,77.5,989,230,0
0.762,79.1,4.376,1356.9,49.0,12.602,62.5,1581,359,0
3.178,78.57,4.667,1307.7,42.07,10.408,43.9,72,50,0
2.072,75.81,5.15,1475.5,43.42,10.242,56.6,1023,238,0
2.428,74.62,4.834,1348.2,33.9,11.73,61.4,532,18,0
2.766,98.88,4.143,1504.6,49.73,13.603,62.0,239,177,0
2.652,86.84,5.089,1574.9,49.1,13.287,59.3,711,208,0
3.068,82.23,4.35,1649.4,45.03,10.277,38.9,577,130,0
2.152,76.12,3.882,1520.1,37.36,13.304,31.7,1724,230,0
2.91,85.07,4.414,1480.7,51.05,10.328,46.9,1113,91,0
2.292,80.18,5.219,1302.2,41.67,8.78,51.4,713,30,0
3.091,75.26,4.583,1502.6,42.73,11.266,33.1,1559,361,0
2.992,71.96,4.506,1507.1,56.56,14.246,70.7,642,248,0
1.752,74.19,5.319,1563.9,41.48,13.312,47.2,1178,123,0
3.369,43.3,3.784,1429.2,48.71,11.997,75.7,590,135,0
2.071,77.11,3.857,1456.5,47.81,11.167,37.7,190,272,0
3.146,70.12,3.692,1352.2,46.95,11.22,32.8,812,354,0
2.794,90.93,4.686,1270.9,46.41,12.218,54.1,1439,99,0
3.971,75.19,4.583,1389.2,46.88,9.863,39.5,1178,218,0
2.321,63.11,5.271,1343.0,46.36,11.304,76.9,1015,103,0
2.221,74.5,4.622,1533.7,44.74,11.569,30.5,625,300,0
2.484,64.54,4.298,1448.2,52.56,9.298,50.6,1363,96,0
2.257,79.73,4.501,1446.2,38.44,10.323,76.3,629,315,0
3.14,77.91,4.559,1401.6,50.11,12.821,49.2,1541,202,0
1.207,84.58,3.664,1176.7,49.11,12.019,34.7,889,20,0
1.657,67.09,5.855,1650.8,48.49,11.382,45.1,1059,197,0
1.646,75.34,4.76,1400.0,50.58,10.177,54.9,784,111,0
3.26,61.35,4.605,1458.8,44.54,15.154,39.3,671,148,0
3.868,82.01,4.808,1354.5,35.66,10.324,53.3,722,242,0
2.416,80.19,4.855,1597.2,44.64,12.503,71.8,526,182,0
2.365,79.96,4.43,1514.3,40.04,11.024,73.6,537,283,0
2.556,75.02,4.184,1417.4,41.34,12.073,32.5,847,336,0
3.43,79.15,4.8,1460.8,38.79,12.915,38.0,1242,337,0
1.758,91.04,4.693,1667.8,42.61,9.259,43.8,1278,301,1
2.691,72.15,4.095,1492.7,42.02,11.987,59.7,996,299,0
3.28,76.39,5.21,1481.8,33.11,14.381,48.0,1227,88,0
2.901,64.14,4.647,1405.9,48.5,15.523,72.2,1125,221,0
2.652,66.32,4.865,1310.5,56.1,11.74,65.8,1385,247,0
3.301,75.98,5.196,1484.0,48.03,12.083,35.0,1765,176,0
0.337,86.04,4.511,1532.5,43.99,16.423,61.2,1735,117,0
3.042,72.44,4.658,1610.0,44.73,14.27,35.7,914,173,0
1.977,72.64,4.905,1275.2,42.9,10.765,42.8,178,218,0
1.035,70.93,4.138,1387.5,45.45,10.762,38.9,276,217,0
2.909,69.65,4.527,1441.9,44.81,13.913,38.7,312,318,0
3.599,77.95,4.563,1499.7,40.79,9.978,60.8,1666,76,1
2.39,60.03,4.022,1485.5,53.41,14.175,58.2,1434,87,0
3.262,87.81,5.659,1487.8,37.56,12.669,38.8,791,77,0
3.79,68.35,3.796,1540.8,48.59,13.035,79.5,1312,200,1
3.552,82.22,3.851,1409.7,44.49,11.487,51.1,1677,63,1
3.812,62.3,5.157,1593.4,54.5,10.74,34.9,1549,3,1
3.094,81.69,4.857,1543.3,46.7,14.924,36.0,1425,82,0
2.56,81.72,3.987,1468.0,43.2,11.507,59.2,1241,192,0
1.218,78.84,4.804,1660.1,43.76,11.178,79.0,698,5,0
2.303,65.06,5.234,1655.6,45.2,11.84,58.6,1494,192,0
1.825,77.5,4.485,1593.3,39.29,12.386,77.5,27,216,0
4.237,63.17,5.799,1198.1,41.17,9.938,52.2,913,346,1
2.359,72.47,3.638,1657.9,36.08,10.87,51.8,1754,21,0
2.599,85.29,4.847,1579.5,40.39,10.764,55.0,422,144,0
2.941,82.97,5.083,1700.6,45.47,13.691,64.9,1038,284,0
2.535,75.15,4.946,1623.7,46.5,10.228,48.4,501,144,0
3.856,65.25,4.398,1657.8,35.1,8.488,73.2,1678,1,1
2.002,81.46,4.355,1587.9,44.31,8.066,31.5,908,287,0
2.656,75.19,4.722,1634.9,47.82,9.059,52.0,325,358,0
1.906,51.8,4.908,1699.4,44.19,14.723,55.5,1348,224,0
1.444,82.83,4.801,1521.7,41.83,12.032,60.4,1591,213,0
2.011,74.76,5.02,1342.8,42.94,13.002,43.8,1727,165,0
2.47,87.02,3.991,1469.3,42.3,13.073,51.4,285,140,0
2.157,64.05,4.386,1539.0,41.82,12.112,54.2,1113,316,0
1.946,43.23,4.03,1507.5,45.87,11.85,64.3,1069,63,0
1.375,77.79,4.307,1375.3,56.54,14.089,68.7,1668,332,0
2.434,77.92,5.008,1336.9,41.28,12.292,66.9,498,211,0
1.296,58.09,4.554,1425.9,43.41,14.798,47.1,912,288,0
3.108,65.22,5.803,1580.8,44.74,13.242,80.0,1522,97,0
2.566,102.55,4.597,1658.0,41.56,10.764,72.4,1602,165,1
1.334,71.94,4.53,1591.7,50.49,11.006,43.0,1815,125,0
2.253,82.31,4.553,1605.7,33.15,10.545,39.8,1684,156,0
1.898,68.49,4.181,1491.9,42.34,14.435,45.7,145,249,0
2.755,54.1,4.471,1325.8,49.09,11.19,52.6,948,60,0
3.572,73.3,5.064,1454.5,43.53,10.403,72.5,1542,31,1
1.0,72.34,4.557,1474.1,40.9,12.64,68.9,82,273,0
2.592,71.0,4.103,1450.3,47.2,11.806,72.6,980,300,0
2.372,73.85,4.037,1505.5,49.53,12.589,43.6,1659,20,0
3.037,77.64,4.275,1544.1,46.05,15.78,59.7,1191,11,0
2.671,73.5,4.537,1585.3,40.99,13.826,44.2,1773,243,0
1.898,62.36,5.097,1472.2,47.28,12.054,35.5,1129,102,0
2.245,79.86,3.83,1309.6,42.99,9.183,64.2,488,275,0
1.863,55.51,4.34,1451.7,48.73,11.0,37.1,1774,6,0
3.361,54.5,4.572,1504.4,52.42,13.422,63.4,1334,346,0
2.517,82.39,3.583,1622.3,31.97,9.658,62.4,82,129,0
4.021,80.07,4.083,1443.2,45.56,16.282,70.5,94,298,1
2.451,74.43,4.16,1551.3,36.32,12.029,37.0,1345,96,0
1.933,61.05,4.102,1529.0,57.21,12.098,69.2,343,276,0
1.289,67.92,4.596,1504.4,42.66,10.667,80.0,797,284,0
1.057,72.37,4.42,1593.1,48.73,12.993,72.6,361,287,0
1.233,59.04,4.222,1433.9,44.82,9.684,67.6,1090,172,0
2.714,67.61,4.714,1442.5,40.98,16.33,63.1,624,331,0
2.907,81.52,5.362,1498.8,40.39,14.635,51.1,868,204,0
1.235,89.27,5.32,1436.0,52.93,13.969,66.5,429,102,0
3.216,70.81,3.539,1550.8,49.78,9.219,66.2,1425,112,0
2.114,82.56,4.789,1428.7,54.72,12.411,61.6,171,359,0
2.617,55.86,4.411,1522.6,45.28,14.418,69.8,1783,130,0
3.79,81.59,4.578,1490.0,46.44,13.186,52.4,578,38,0
3.217,66.96,4.301,1521.5,43.66,9.996,36.1,68,306,0
2.285,78.07,4.559,1454.0,43.56,10.7,58.0,1516,7,0
1.787,72.52,4.576,1466.1,39.79,11.096,43.3,1058,45,0
0.779,88.2,4.211,1509.6,45.42,10.793,49.2,1,193,0
1.925,66.26,4.052,1520.2,41.05,15.058,30.9,151,5,0
2.331,81.28,4.276,1499.6,47.21,8.158,49.1,902,57,0
1.71,72.2,4.617,1670.5,45.85,13.312,70.4,1808,168,0
2.395,73.42,4.799,1400.9,46.44,9.415,57.1,258,121,0
2.561,73.16,4.927,1493.6,53.38,10.077,30.5,750,248,0
2.32,66.54,4.253,1342.6,44.81,7.981,53.5,628,206,0
1.98,74.86,4.642,1537.2,48.78,10.902,44.6,1612,114,0
2.635,74.37,4.981,1388.5,55.26,15.021,53.9,795,238,0
2.854,77.41,5.083,1472.2,51.53,12.53,50.2,19,53,0
1.628,75.85,4.471,1462.8,50.77,9.603,76.6,1820,75,0
3.629,82.98,4.39,1528.1,43.47,14.034,32.1,35,168,0
2.421,84.24,4.596,1444.7,46.15,14.463,64.2,371,47,0
2.515,64.49,3.925,1440.5,38.41,12.208,72.6,491,223,0
3.067,83.69,4.403,1643.6,47.49,16.069,78.0,817,69,0
2.687,63.14,4.872,1528.5,46.37,13.643,38.9,1265,154,0
3.263,80.88,4.821,1443.9,45.12,13.365,56.6,7,46,0
2.73,81.2,4.365,1474.9,50.14,10.393,32.2,549,278,0
2.01,55.89,4.609,1664.5,38.96,13.255,55.0,371,201,0
2.789,75.93,4.088,1476.5,53.17,12.434,36.3,1689,141,0
1.585,70.32,4.852,1431.1,49.51,13.04,71.9,757,316,0
2.587,67.41,4.461,1431.5,44.65,10.631,35.7,1274,125,0
2.473,88.51,4.362,1445.1,44.26,12.256,55.7,1139,331,0
2.334,68.46,4.319,1440.6,47.4,10.366,56.1,1577,152,0
2.397,66.94,4.469,1372.0,52.6,7.706,78.6,1361,64,0
0.995,75.76,4.276,1387.6,45.51,13.997,62.7,574,95,0
2.061,81.86,4.829,1417.1,45.72,8.995,44.4,681,180,0
2.574,73.58,4.302,1559.2,45.09,12.214,42.0,1166,361,0
2.628,86.66,5.296,1461.9,53.91,12.666,36.4,1509,177,0
1.678,80.31,5.233,1479.3,43.16,12.653,67.8,1462,128,0
3.513,53.22,4.054,1627.0,44.85,11.434,64.5,1794,38,0
1.807,69.71,4.535,1629.5,52.32,12.542,60.5,88,299,0
3.276,69.38,4.175,1471.8,45.74,12.942,32.0,463,360,0
2.842,79.79,4.337,1436.9,50.69,13.47,68.1,1072,349,0
1.983,48.75,5.501,1413.6,40.44,15.467,62.1,481,132,0
3.92,100.49,4.346,1569.3,43.97,12.468,78.2,823,108,1
1.545,80.31,4.68,1479.5,52.42,12.128,59.4,524,71,0
3.235,76.49,4.771,1461.4,41.62,10.187,45.2,211,207,0
3.3,86.82,4.0,1418.6,44.24,12.872,49.1,244,64,0
1.964,98.44,4.072,1423.0,46.28,13.335,38.8,239,240,0
3.614,83.71,3.897,1532.0,40.05,11.615,66.1,1221,78,1
2.3,84.49,4.057,1368.5,42.93,13.089,65.4,769,87,0
2.731,76.31,3.075,1599.5,45.56,11.415,40.0,235,177,0
2.708,73.58,4.772,1446.6,45.23,13.342,37.9,187,261,0
2.393,70.24,5.527,1485.0,51.4,13.825,33.9,713,65,0
3.149,66.74,4.574,1366.3,52.71,13.797,75.6,1639,324,0
3.135,68.13,3.792,1498.8,40.72,12.236,41.7,1314,104,0
1.101,61.49,4.179,1467.2,45.56,9.92,47.2,1245,97,0
3.543,74.24,4.271,1495.0,48.37,10.776,44.0,497,95,1
1.17,58.15,3.991,1647.2,52.58,13.19,50.7,1520,45,0
3.326,76.91,4.93,1517.8,48.59,16.898,65.7,1326,30,0
3.401,74.64,4.905,1420.5,46.45,11.319,73.5,187,203,0
1.627,76.47,3.922,1428.9,48.33,12.912,39.1,1474,147,0
2.171,69.78,4.863,1559.5,48.37,10.888,64.3,1436,131,0
1.615,105.77,5.263,1629.9,40.36,10.052,47.6,1635,185,1
2.328,88.6,5.451,1528.2,45.96,10.647,79.0,936,188,0
2.254,62.55,5.933,1568.9,52.3,7.835,44.9,1269,126,0
3.124,77.33,4.049,1561.0,43.96,14.707,30.4,313,363,0
3.548,68.92,5.912,1641.9,45.65,7.54,55.8,819,296,0
3.617,64.86,4.323,1305.0,43.79,11.472,37.5,1520,308,1
2.05,61.6,4.204,1566.7,33.43,9.644,32.2,22,86,0
2.333,79.32,4.664,1598.4,45.1,10.231,64.9,68,120,0
1.153,68.19,4.209,1366.1,46.51,14.753,66.6,392,331,0
1.855,84.68,4.7,1411.4,42.44,12.402,53.0,1340,303,0
3.272,84.94,3.84,1414.9,39.23,10.069,63.8,1089,134,0
3.792,88.74,4.381,1427.1,40.6,10.821,56.9,729,327,0
1.513,66.48,5.143,1451.8,48.82,10.469,61.5,541,198,0
2.026,79.75,4.471,1524.3,54.86,11.913,59.8,1729,170,0
2.479,81.32,4.571,1586.6,51.91,12.346,63.3,568,259,0
2.724,70.26,4.738,1608.1,38.28,15.791,40.0,900,123,0
1.852,67.28,5.085,1416.2,49.27,8.167,43.4,212,241,0
2.839,91.1,3.672,1415.5,41.68,11.93,52.0,1774,70,0
2.121,77.27,4.792,1631.6,42.09,11.369,52.3,200,58,0
2.488,81.36,4.366,1564.7,42.69,13.893,68.7,987,108,0
2.937,66.78,4.583,1508.3,48.53,12.71,48.4,178,40,0
2.505,62.81,5.03,1547.3,49.8,13.181,38.1,1447,285,0
2.151,69.31,3.903,1497.0,44.51,12.69,42.6,931,145,0
2.412,73.76,3.994,1552.5,44.59,10.136,40.7,1689,285,0
2.429,64.36,3.532,1466.4,47.32,14.423,66.6,1486,51,0
2.204,74.9,4.225,1526.9,47.84,13.597,53.5,44,175,0
2.293,58.11,5.165,1348.9,50.88,13.831,65.4,1455,278,0
3.779,63.8,4.44,1431.2,38.58,14.528,50.8,168,164,1
2.949,81.71,3.83,1432.3,45.1,12.835,74.5,287,326,0
2.264,81.04,4.257,1462.6,39.66,14.962,79.2,709,251,0
3.058,71.08,3.756,1407.3,44.75,12.755,63.5,337,102,0
2.233,64.82,3.937,1446.6,43.87,11.562,73.2,586,52,0
3.438,64.73,4.694,1348.6,44.77,11.987,55.4,1195,254,0
2.796,71.27,3.913,1554.9,41.0,11.952,76.7,183,360,0
2.414,81.45,5.056,1491.7,37.56,10.961,71.6,16,172,0
2.858,84.28,4.464,1329.5,34.53,15.264,79.6,1520,250,0
1.243,70.03,4.543,1416.5,44.34,12.593,61.2,1604,176,0
1.599,63.47,4.361,1533.7,42.84,12.189,69.0,887,48,0
1.545,77.68,4.886,1445.7,41.62,12.777,57.1,837,110,0
2.614,66.76,4.892,1430.3,51.61,17.96,43.0,1578,209,0
3.886,69.82,4.668,1492.5,40.7,9.737,47.7,110,247,0
4.285,88.25,4.782,1534.4,52.08,10.31,74.7,1577,174,1
3.01,83.27,4.394,1356.4,53.12,9.239,32.8,306,106,0
2.901,76.58,4.771,1555.0,35.25,11.535,59.6,980,152,0
1.059,62.28,4.331,1420.0,45.46,12.491,48.6,6,346,0
2.066,77.11,4.501,1498.2,43.0,11.069,49.3,843,154,0
1.87,85.63,4.363,1496.5,30.44,10.921,74.2,1717,139,0
2.003,71.24,4.271,1447.3,37.78,12.285,72.7,1297,150,0
2.365,88.51,4.155,1397.6,48.87,10.996,59.9,361,272,0
2.122,87.93,4.734,1471.4,55.1,12.62,43.6,1209,43,0
0.917,91.64,5.155,1662.5,49.51,14.228,53.8,656,70,0
3.098,78.05,5.086,1363.8,46.62,13.354,50.4,1124,124,0
1.642,80.87,3.872,1669.2,44.89,13.762,47.7,1114,151,0
2.691,89.14,5.145,1474.0,53.41,14.172,35.1,984,348,0
4.159,79.47,4.341,1503.5,55.74,12.566,57.2,1270,315,1
1.764,69.99,4.8,1391.3,42.07,11.683,45.1,1263,308,0
0.476,70.51,4.047,1422.9,35.0,10.455,63.0,724,219,0
2.271,77.39,4.571,1449.7,34.51,11.218,46.0,1105,214,0
3.381,62.09,4.657,1395.4,51.61,10.953,51.6,115,329,0
4.067,73.57,3.758,1479.1,44.76,13.463,32.6,276,143,1
1.516,85.97,4.804,1459.3,45.92,12.694,79.6,80,106,0
2.897,53.09,5.173,1685.1,36.05,13.394,55.4,1592,353,0
2.128,90.34,4.413,1383.4,41.23,9.679,31.2,179,280,0
2.415,86.22,5.18,1510.3,43.52,14.863,57.1,1333,321,0
4.615,70.4,4.405,1524.8,46.04,11.146,73.5,561,305,1
1.298,80.43,4.925,1393.0,43.01,9.8,68.6,509,324,0
2.703,75.03,3.391,1568.7,39.81,11.122,65.0,260,333,0
2.874,87.3,5.709,1460.2,41.08,16.968,37.0,1810,63,0
3.369,84.83,5.248,1250.8,51.04,11.225,62.9,292,283,0
2.578,61.0,4.358,1566.0,46.22,11.35,68.3,885,264,0
2.746,80.87,3.514,1388.3,48.06,11.616,58.6,291,5,0
2.187,72.94,4.644,1395.2,40.51,11.703,74.6,542,167,0
2.715,75.83,3.778,1568.8,30.23,10.437,43.8,764,354,0
2.225,67.72,4.722,1465.3,42.38,12.286,42.1,1087,172,0
2.997,92.48,4.706,1591.8,40.67,14.151,73.5,594,337,1
2.204,85.4,4.029,1621.0,46.75,12.629,61.3,1429,118,0
2.802,67.6,5.06,1435.5,61.43,9.778,30.1,948,225,0
2.477,61.65,4.903,1579.3,48.48,11.311,47.7,480,173,0
3.401,71.14,4.988,1424.5,58.68,10.897,72.9,1349,128,0
2.459,79.35,4.504,1723.3,47.84,12.106,31.4,381,186,0
1.082,77.4,3.792,1430.7,41.85,14.661,30.2,1705,62,0
3.51,87.53,4.989,1602.6,46.74,11.702,44.1,310,273,1
1.775,82.9,4.365,1584.4,53.9,11.824,75.7,1367,85,0
1.977,84.7,3.805,1531.6,54.15,15.555,75.1,1694,209,0
2.023,78.27,5.176,1432.9,42.12,13.752,55.9,1499,192,0
3.6,61.11,5.55,1484.9,46.27,13.148,57.7,1080,237,1
0.791,73.04,4.479,1284.6,37.85,15.916,46.6,847,19,0
5.01,85.6,5.58,1522.4,49.12,12.98,42.2,425,181,0
3.345,74.48,4.546,1535.0,52.77,8.027,70.8,1166,47,0
2.679,80.03,4.31,1513.3,45.2,13.665,35.3,661,227,0
2.456,71.81,4.185,1202.7,41.66,8.816,54.4,1400,53,0
2.728,64.7,5.319,1373.4,46.8,12.904,61.7,226,101,0
2.917,73.77,4.11,1425.2,47.09,8.573,35.2,1498,88,0
3.016,78.09,4.868,1529.2,45.41,11.066,56.0,25,143,0
2.944,68.44,4.22,1528.9,45.89,11.272,58.9,1714,147,0
2.572,72.64,4.27,1483.0,44.13,10.46,67.1,1389,229,0
2.342,65.61,5.015,1563.5,49.98,11.302,41.7,95,302,0
2.379,86.19,4.31,1397.4,48.68,14.065,44.7,508,249,0
2.344,72.06,4.298,1561.0,40.08,10.572,58.5,565,224,0
3.407,89.53,5.066,1547.5,39.95,13.09,79.2,1606,160,0
2.975,90.29,5.299,1537.8,43.73,10.069,40.9,1200,167,0
0.148,74.19,4.822,1481.8,48.68,11.621,79.3,644,109,0
3.025,64.92,4.173,1683.1,45.74,12.648,65.7,1432,260,0
2.656,54.14,4.245,1549.3,41.78,10.007,71.3,490,172,0
2.485,60.28,4.54,1403.2,46.31,9.377,34.5,459,296,0
2.189,61.26,4.66,1524.8,43.35,12.984,45.0,1437,242,0
3.399,88.78,4.006,1575.2,49.4,14.246,32.9,901,208,0
3.258,76.16,4.862,1441.2,46.67,11.842,48.6,338,242,0
1.882,78.9,4.543,1608.9,43.42,11.085,79.1,963,253,0
2.826,52.8,3.642,1538.2,46.16,12.311,35.3,1355,81,0
1.723,63.02,4.036,1265.8,51.58,12.111,58.1,1237,30,0
1.396,83.87,4.248,1530.0,42.15,12.486,30.3,1747,3,0
1.999,77.87,4.464,1459.4,47.01,6.944,65.6,345,193,0
3.19,73.53,5.445,1553.7,44.65,9.862,39.9,576,55,0
3.263,80.65,4.619,1594.4,47.13,10.31,36.5,1571,260,0
2.91,91.36,4.08,1519.5,41.73,12.302,46.9,1548,80,0
3.08,72.79,4.61,1666.5,45.55,12.372,68.6,943,53,0
2.913,75.69,4.324,1482.1,50.54,13.272,35.3,346,95,0
1.987,76.93,4.662,1562.5,40.31,12.515,41.5,1272,348,0
2.846,98.92,4.79,1580.5,38.35,9.399,30.4,1648,335,1
3.14,54.01,5.105,1490.3,38.54,14.894,78.4,325,256,0
3.103,81.83,4.488,1577.9,39.15,14.544,59.6,467,203,0
3.451,73.85,5.319,1440.5,47.98,9.484,66.0,91,210,0
3.067,80.67,4.954,1457.7,37.97,12.665,62.6,294,328,0
2.781,68.43,4.146,1368.8,43.51,10.809,37.2,1565,316,0
3.356,74.51,5.605,1524.1,48.09,12.278,59.7,524,125,0
2.479,82.11,4.663,1532.5,47.08,14.107,36.6,1683,6,0
1.795,106.13,4.082,1617.9,43.07,16.26,50.1,1673,124,1
2.37,83.08,5.326,1579.1,45.95,13.503,58.4,850,270,0
1.904,66.52,5.539,1471.5,45.54,12.59,57.9,1693,107,0
1.96,70.76,4.483,1382.2,43.88,11.32,36.0,259,259,0
2.384,70.47,4.248,1543.3,43.95,12.364,31.7,1111,318,0
1.866,57.04,4.414,1611.1,56.18,14.72,69.9,1182,69,0
2.254,71.7,4.857,1575.5,49.05,11.911,66.3,1518,37,0
0.985,82.33,5.139,1608.4,57.4,10.228,34.1,186,174,0
2.671,62.26,4.785,1478.8,42.52,8.761,36.4,344,187,0
2.501,85.48,4.551,1453.3,44.58,13.026,74.6,821,226,0
1.846,79.88,5.249,1426.3,38.34,12.495,68.5,741,257,0
3.027,67.66,4.344,1494.4,40.95,10.708,79.8,1540,196,0
3.25,73.58,5.015,1492.1,54.51,14.052,42.7,569,7,0
1.214,90.98,4.356,1520.7,42.39,11.156,54.4,950,50,0
1.89,82.34,4.716,1487.1,54.6,11.731,41.8,509,221,0
1.885,75.09,4.443,1486.6,38.78,11.967,61.1,1564,18,0
1.748,72.62,4.472,1422.3,39.73,11.298,35.8,16,349,0
3.164,75.77,4.311,1594.2,43.29,12.472,36.4,525,246,0
2.345,69.88,5.172,1507.7,44.68,14.303,33.6,200,30,0
2.288,53.95,4.134,1482.6,49.62,9.715,64.7,1208,79,0
0.897,95.42,4.13,1425.3,47.25,12.977,54.7,309,357,0
3.008,76.55,5.56,1366.8,42.92,12.344,60.9,1532,21,0
1.509,78.98,4.989,1630.8,44.33,12.308,74.0,1305,288,0
2.548,74.42,3.307,1555.5,43.4,13.744,67.0,1182,241,0
2.722,67.65,4.217,1337.6,40.43,12.099,53.1,1384,213,0
3.589,73.14,3.594,1576.3,40.56,12.96,79.2,259,199,1
1.453,59.01,4.025,1592.2,50.14,13.432,52.8,1181,164,0
0.084,97.77,2.931,1512.4,35.86,10.991,35.6,425,139,1
2.647,62.65,4.432,1659.8,53.09,12.598,79.6,1630,319,0
3.94,64.68,3.929,1521.7,43.29,11.498,31.1,779,284,0
3.491,70.6,4.53,1358.3,41.14,11.735,57.5,1045,12,0
2.668,87.88,3.687,1536.5,48.7,11.356,45.5,639,25,0
2.107,75.15,4.541,1524.5,52.43,12.942,55.2,1371,21,0
3.146,62.64,4.293,1439.7,50.59,12.163,57.9,920,348,0
1.721,87.54,5.251,1557.4,47.51,12.789,42.0,1012,75,0
2.881,82.31,5.206,1333.2,50.43,11.965,57.8,350,91,0
2.904,80.38,4.893,1599.1,36.42,8.792,67.8,961,328,0
3.348,82.16,4.337,1412.2,42.39,12.063,43.3,1409,265,0
4.708,98.94,5.493,1401.5,40.44,12.127,49.2,438,47,1
2.814,96.85,3.723,1488.6,51.12,12.485,43.4,456,169,0
2.093,68.13,3.798,1543.3,43.08,10.813,71.0,624,345,0
2.48,91.24,4.458,1516.4,49.23,9.609,66.2,1770,244,1
1.085,78.83,5.627,1425.7,47.68,13.249,73.6,1570,227,0
1.944,79.99,4.399,1449.4,40.69,11.453,38.5,1104,186,0
2.173,58.08,4.408,1386.7,42.07,12.342,33.7,1476,167,0
2.081,73.3,3.779,1477.5,51.47,11.437,36.0,1619,202,0
2.622,66.87,4.973,1607.5,41.12,11.988,38.1,1565,5,0
1.842,83.28,4.977,1499.6,45.62,11.101,56.7,1513,131,0
3.397,85.71,4.895,1585.9,41.09,10.064,78.5,643,244,0
2.5,54.26,4.185,1645.5,43.43,12.947,47.9,1547,90,0
2.493,74.78,4.147,1441.2,44.77,10.794,77.9,392,310,0
2.238,86.22,3.853,1481.3,41.09,12.328,31.9,574,125,0
2.624,73.13,4.542,1717.1,40.2,12.821,76.3,1383,241,0
3.16,82.29,3.96,1644.4,46.43,10.826,39.1,33,248,0
1.806,78.51,3.911,1332.8,40.78,9.592,75.6,1160,6,0
1.974,78.42,4.288,1538.7,40.95,16.852,32.8,921,87,0
2.257,72.29,4.255,1500.1,40.3,10.944,77.4,1624,85,0
1.423,62.83,4.231,1582.6,44.61,13.247,40.0,410,354,0
1.845,63.78,4.733,1425.5,49.72,15.879,45.1,1553,144,0
2.119,82.09,4.54,1416.0,52.53,13.58,54.5,1023,330,0
3.2,75.19,4.356,1432.4,41.37,11.399,49.0,1115,197,0
2.71,73.61,4.592,1442.8,55.75,11.866,63.4,413,362,0
2.655,70.76,4.004,1581.5,39.98,10.335,78.7,299,163,0
3.181,71.95,4.553,1381.9,50.42,13.763,60.3,1511,144,0
2.39,85.47,4.575,1437.7,41.39,13.133,66.1,1789,341,0
2.812,71.65,3.748,1321.1,40.65,10.971,34.4,73,0,0
2.417,61.59,4.998,1600.7,41.28,9.916,61.4,1742,119,0
2.712,82.44,4.059,1627.1,44.74,9.358,52.7,261,66,0
2.034,72.95,4.545,1467.3,47.9,13.973,74.3,690,354,0
0.549,75.31,5.082,1470.2,48.35,12.241,49.4,1336,48,0
2.393,91.08,4.963,1545.3,40.28,12.43,64.0,959,306,0
3.638,74.79,4.517,1647.4,40.05,10.354,41.4,732,326,1
3.241,77.89,4.319,1540.9,40.42,9.073,43.0,685,286,0
3.272,63.21,4.974,1430.2,44.44,13.925,48.8,1189,23,0
3.489,72.8,4.837,1338.1,43.95,12.084,45.2,840,210,0
2.571,81.1,4.191,1388.5,40.25,13.814,42.7,335,292,0
2.658,59.45,4.103,1507.3,46.35,11.228,32.5,1526,62,0
2.006,77.01,3.464,1434.5,56.31,11.526,71.8,732,55,0
2.247,76.01,4.577,1519.5,42.48,13.427,33.2,804,17,0
2.993,75.41,4.459,1444.7,42.83,13.465,74.4,1185,361,0
3.463,85.37,5.068,1394.2,47.8,13.595,36.3,390,76,0
2.388,78.34,4.68,1382.3,42.21,11.41,33.3,760,259,0
2.14,89.78,5.167,1656.2,48.34,13.229,58.2,883,120,0
2.5,65.06,4.151,1588.9,41.41,14.218,55.1,972,183,0
2.981,76.36,5.069,1673.1,54.16,11.79,54.6,1095,47,0
1.345,75.84,4.236,1554.0,46.72,10.973,58.7,941,146,0
0.663,64.31,4.889,1457.0,41.9,14.685,44.4,1116,281,0
2.06,84.56,3.771,1632.3,42.06,10.691,63.1,903,363,0
1.523,98.25,4.618,1496.7,42.43,13.259,55.1,1385,293,0
2.093,74.83,3.508,1522.1,51.86,11.883,46.7,1345,79,0
2.382,80.05,4.366,1495.7,38.66,8.317,71.3,1269,235,0
2.137,75.85,4.72,1205.3,41.66,14.257,66.4,24,228,0
3.662,67.86,4.24,1660.5,42.19,6.484,49.7,557,283,0
2.761,56.79,3.975,1549.1,44.92,8.032,72.4,701,60,0
2.74,67.94,4.923,1533.0,43.64,13.055,76.0,403,219,0
2.998,61.08,4.448,1493.8,37.54,13.054,56.8,1397,344,0
1.589,92.04,4.255,1516.3,43.0,10.725,40.7,1310,88,0
3.331,73.85,4.521,1440.3,44.5,12.296,75.8,441,263,0
2.439,71.54,5.818,1561.7,41.86,6.937,39.5,1619,227,0
3.036,83.89,5.077,1369.3,48.43,13.414,32.4,1758,102,0
1.643,63.78,5.081,1518.6,49.6,12.499,46.4,882,87,0
1.257,67.33,4.718,1556.2,44.61,11.909,66.3,1376,22,0
3.154,75.68,4.583,1480.1,46.15,12.042,76.2,926,292,0
2.801,85.29,3.302,1537.1,34.19,12.987,61.9,1243,266,0
1.778,80.02,4.161,1400.9,42.89,11.942,77.6,485,16,0
1.804,77.48,4.26,1403.4,50.02,8.252,34.6,1467,284,0
3.4,75.78,3.563,1523.7,42.88,16.393,33.0,1242,312,0
1.548,79.0,3.921,1567.9,41.31,14.402,60.2,1726,161,0
3.814,77.02,3.51,1312.5,56.39,9.43,78.3,1091,77,0
1.78,64.7,4.481,1552.2,54.1,11.31,55.1,31,121,0
3.011,75.46,4.909,1445.7,47.34,11.528,32.6,322,111,0
2.237,64.26,5.053,1480.7,50.69,14.158,41.1,1274,238,0
2.983,75.81,4.707,1366.0,33.87,7.681,42.2,566,209,0
2.065,70.19,4.018,1414.8,41.06,11.002,46.9,10,348,0
2.37,100.39,3.534,1596.6,42.65,8.479,32.2,678,1,0
2.533,74.6,3.622,1503.3,43.82,11.43,75.2,851,202,0
1.698,60.96,3.866,1461.7,42.55,11.055,55.8,927,286,0
3.093,73.66,4.056,1488.4,32.25,12.159,63.5,285,116,0
2.089,80.19,4.42,1548.9,46.93,10.79,33.4,153,299,0
2.317,91.73,3.993,1544.0,47.72,10.498,32.7,1568,345,1
1.705,69.11,4.669,1492.5,53.01,13.239,59.3,1553,113,0
0.45,59.18,4.384,1609.3,41.06,12.909,74.4,371,73,0
2.347,83.17,4.505,1597.0,40.65,13.103,56.4,301,240,0
4.43,61.19,5.07,1541.3,31.6,11.646,73.9,146,301,1
3.128,70.64,3.91,1505.5,43.53,10.857,70.5,1611,53,0
2.485,72.42,4.709,1565.7,49.51,11.762,33.8,1660,158,0
2.29,74.3,4.493,1531.4,41.94,13.002,40.1,1076,108,0
2.518,81.89,4.333,1606.1,55.72,7.646,62.9,1428,279,0
2.938,68.16,4.943,1590.0,43.72,12.788,52.2,702,152,0
1.555,72.26,4.94,1398.2,45.73,12.618,44.5,141,162,0
3.391,74.86,4.027,1391.4,38.18,12.124,50.9,1112,56,0
3.072,76.5,4.409,1429.9,46.44,11.701,52.3,1451,327,0
3.075,75.98,4.641,1597.6,35.1,6.868,75.5,84,324,0
2.851,79.36,4.363,1342.4,48.47,11.12,35.2,1267,213,0
2.516,83.44,4.793,1539.5,48.62,15.579,44.0,1130,27,0
3.038,78.93,4.641,1536.3,51.8,12.026,56.9,1628,203,0
2.973,79.54,5.416,1616.3,39.9,11.385,64.9,1379,32,0
2.217,59.18,3.735,1518.0,45.8,12.034,61.5,21,308,0
2.041,75.5,4.439,1365.7,47.82,12.71,77.1,1030,121,0
2.581,79.8,4.046,1404.1,47.21,13.318,69.8,967,15,0
3.739,82.29,4.802,1381.8,40.67,11.542,57.9,1245,153,0
1.509,68.08,3.691,1446.2,33.04,12.85,40.7,1111,342,0
1.326,68.41,4.673,1481.7,46.73,15.353,52.5,1716,217,0
2.632,69.26,4.185,1383.5,44.24,14.013,64.7,453,104,0
2.541,80.36,4.133,1647.1,42.17,16.681,71.9,342,76,0
2.639,85.34,3.777,1367.5,48.82,10.686,78.0,393,86,0
2.695,70.93,4.267,1634.6,44.78,15.352,60.3,1376,30,0
2.321,84.08,5.042,1618.5,38.4,10.419,56.3,1270,99,0
3.692,76.23,4.487,1589.8,35.34,12.707,30.9,1710,154,1
1.219,73.76,4.814,1430.6,39.36,13.465,33.6,1003,291,0
1.837,72.89,5.332,1534.2,56.97,10.978,37.8,1137,314,0
2.417,82.47,4.632,1372.3,48.61,12.176,32.7,971,105,0
1.185,78.26,4.221,1591.1,45.94,13.821,50.0,1607,229,0
2.359,97.76,4.734,1492.6,44.09,10.579,46.8,158,2,0
3.829,66.48,4.228,1459.1,43.76,15.339,61.9,811,221,0
2.517,80.18,4.248,1377.6,50.84,9.231,56.8,1261,120,0
2.685,69.71,3.74,1252.2,42.55,15.879,59.8,699,159,0
1.492,66.31,4.963,1396.1,47.88,14.003,53.6,1267,270,0
2.007,74.89,4.307,1611.3,43.26,11.821,43.9,166,330,0
2.2,76.37,4.591,1459.7,54.7,11.195,77.6,34,193,0
2.246,104.18,3.982,1483.1,48.71,10.986,34.3,255,217,0
3.525,73.16,4.718,1565.6,51.23,11.728,76.9,302,190,0
2.946,63.7,4.119,1680.6,42.08,11.903,45.6,220,251,0
1.611,77.73,4.429,1632.5,50.29,14.51,55.6,1056,225,0
2.697,54.25,4.939,1402.8,43.44,15.937,35.4,935,0,0
2.899,74.08,4.895,1305.7,45.55,12.399,33.5,1793,132,0
3.412,75.16,4.489,1736.0,53.18,10.309,51.5,509,89,0
3.764,82.95,3.616,1726.9,39.79,10.909,67.1,1506,5,1
1.688,84.74,5.996,1518.8,46.02,11.634,43.5,1257,243,0
1.851,69.96,5.373,1373.0,47.19,9.94,58.1,953,132,0
1.494,73.49,4.861,1596.3,47.6,9.642,43.9,215,115,0
2.313,67.34,4.123,1489.2,42.75,16.194,49.4,1266,72,0
2.873,63.72,4.443,1488.7,55.43,12.605,75.3,245,155,0
3.29,78.1,4.228,1589.4,38.53,10.334,72.8,20,210,0
2.439,62.26,5.132,1533.4,52.29,13.633,55.8,210,68,0
2.244,70.85,4.631,1381.4,51.08,9.643,41.9,1746,299,0
2.621,65.05,4.108,1467.5,54.5,9.808,39.7,426,143,0
1.832,80.5,4.265,1566.1,37.06,10.394,77.7,1000,198,0
4.172,93.01,5.061,1551.0,40.66,15.309,40.1,981,205,1
1.214,61.98,5.3,1526.2,52.46,11.494,70.4,72,200,0
2.648,56.47,5.264,1593.3,35.61,7.117,48.4,1698,238,0
4.119,73.75,4.879,1463.8,36.97,14.42,79.3,178,67,0
2.505,75.16,4.374,1517.9,42.56,11.387,48.4,1547,170,0
2.348,77.19,2.879,1162.4,45.96,8.301,47.6,299,296,0
2.214,70.54,4.649,1455.0,52.96,11.367,61.9,266,69,0
2.356,72.99,4.499,1576.4,44.07,13.042,78.1,520,286,0
3.598,78.68,4.57,1461.0,41.96,12.808,78.8,1519,16,1
0.731,85.4,4.527,1453.4,46.56,15.597,65.4,275,136,0
3.727,55.45,3.837,1395.9,47.35,10.294,67.7,1729,218,1
1.361,71.31,4.779,1600.3,47.21,12.093,58.2,948,310,0
2.287,77.14,4.816,1554.8,44.11,10.601,67.8,1795,5,0
2.157,65.82,4.841,1582.5,35.22,8.916,73.0,53,197,0
2.971,92.31,4.973,1327.4,40.41,13.771,54.3,812,131,0
1.222,68.65,4.802,1484.0,52.1,12.927,61.0,1632,362,0
2.87,74.59,4.295,1472.0,45.94,12.567,56.9,1424,343,0
4.119,80.56,4.465,1471.9,43.39,12.854,58.1,1438,183,1
1.409,69.09,4.546,1438.4,50.59,10.629,74.5,1628,17,0
2.652,56.53,4.554,1465.4,39.35,9.989,47.8,1680,212,0
1.97,70.71,4.999,1585.0,43.87,12.075,40.4,489,47,0
2.841,85.29,4.822,1308.7,45.69,14.322,52.8,502,28,0
2.515,71.63,5.539,1677.7,42.79,15.216,40.4,307,152,0
1.987,66.54,5.603,1548.4,45.5,13.591,54.9,417,331,0
2.89,84.26,4.54,1495.8,44.06,12.058,75.2,509,237,0
3.943,71.69,2.582,1590.7,38.0,12.54,60.9,921,318,1
2.347,69.9,5.118,1354.8,45.91,12.023,72.8,1554,264,0
3.076,76.49,4.23,1433.5,38.36,9.948,38.3,638,198,0
1.465,82.71,4.099,1487.9,45.83,12.049,75.0,666,13,0
1.735,98.82,4.301,1636.6,51.87,9.33,60.1,6,275,0
2.878,83.27,4.277,1495.4,43.59,11.752,31.6,422,9,0
3.687,86.6,4.806,1545.0,39.14,15.272,61.7,1475,138,1
2.784,69.94,3.72,1441.0,44.37,13.646,77.6,1451,166,0
2.25,64.74,3.961,1548.7,40.84,10.154,34.0,390,146,0
2.499,75.62,4.672,1667.7,47.97,11.855,59.1,334,244,0
1.5,76.07,4.811,1599.6,44.26,10.331,75.8,1472,69,0
2.984,64.21,4.821,1491.9,53.55,11.875,30.5,338,327,0
3.206,73.25,4.106,1567.5,50.81,14.082,61.5,848,320,0
2.138,78.99,4.011,1557.8,44.23,13.306,53.7,1112,103,0
2.124,78.6,4.247,1550.7,48.58,16.968,47.3,269,228,0
2.713,80.04,4.62,1611.2,43.03,14.385,61.4,65,315,0
2.151,77.91,5.243,1610.4,45.17,12.408,32.6,678,137,0
2.447,69.93,3.476,1487.3,43.19,13.354,67.7,1088,318,0
4.18,69.86,4.39,1564.2,48.83,11.595,30.2,1294,35,0
2.302,63.01,3.834,1461.7,52.16,9.745,45.3,657,117,0
2.213,92.85,3.674,1407.7,48.99,14.612,55.2,1401,254,0
1.982,75.13,4.983,1473.1,49.61,14.018,48.9,781,312,0
3.095,72.75,4.772,1492.4,49.62,11.518,45.4,329,334,0
2.355,65.71,4.725,1333.8,47.76,12.548,71.5,518,19,0
1.981,104.36,4.961,1586.0,39.3,14.482,76.7,1657,297,0
3.557,64.27,4.26,1223.3,53.5,13.693,73.7,862,20,0
3.636,70.71,4.284,1771.5,54.02,9.074,56.1,421,255,0
2.02,79.16,5.593,1650.2,43.83,12.487,74.2,1337,247,0
1.007,81.0,4.377,1473.9,43.15,11.665,76.0,309,165,0
3.306,84.58,4.868,1500.9,48.06,14.226,50.5,814,348,0
1.952,93.08,4.503,1530.3,47.75,14.062,44.2,846,254,0
3.133,80.06,3.576,1441.1,43.99,14.637,34.9,1668,77,0
0.924,64.44,3.478,1519.3,38.75,9.764,54.0,962,279,0
3.214,72.43,4.211,1485.6,46.53,10.432,77.3,1213,281,0
1.531,78.08,5.028,1490.6,47.76,14.228,58.0,721,364,0
3.085,95.68,4.894,1518.1,48.63,10.817,63.4,1066,33,0
2.511,61.02,4.957,1368.6,46.75,8.957,35.6,590,98,0
1.737,87.03,4.006,1504.0,43.64,13.065,37.2,320,142,0
2.174,76.8,5.308,1516.3,49.97,10.906,53.2,1011,54,0
3.049,83.38,4.018,1512.9,45.33,15.58,77.6,1681,2,0
2.585,73.98,4.606,1478.4,42.68,12.592,48.0,445,331,0
2.968,66.58,4.495,1613.8,44.1,12.321,73.9,1398,218,0
4.081,82.51,4.413,1464.6,36.27,11.262,36.0,286,210,0
1.249,81.54,5.169,1522.7,44.09,15.182,60.9,171,304,0
3.794,84.72,4.147,1629.7,48.44,12.717,60.0,1629,148,1
2.583,74.87,3.825,1492.1,46.7,11.183,73.0,263,231,0
1.781,69.0,4.51,1521.4,52.6,10.412,30.2,942,87,0
1.436,59.41,4.3,1490.4,43.69,11.853,39.5,1559,210,0
2.349,83.19,6.189,1623.7,47.44,10.045,41.0,142,222,0
3.237,79.24,4.838,1474.2,48.96,14.058,77.5,1172,295,0
2.398,65.34,4.295,1628.3,56.71,8.383,37.7,1464,147,0
3.709,69.61,3.972,1489.6,45.72,11.721,31.8,628,206,1
1.339,70.33,3.56,1414.1,39.78,13.22,56.7,593,359,0
2.49,60.17,3.987,1567.9,49.24,12.684,56.4,416,226,0
1.498,66.82,4.557,1469.5,54.33,10.565,72.2,25,359,0
2.791,63.66,5.214,1562.1,43.39,13.321,77.4,627,183,0
3.21,70.88,5.061,1227.1,49.21,10.228,56.9,94,40,0
2.163,67.61,4.615,1500.5,51.14,11.955,76.5,305,181,0
0.417,58.73,4.338,1454.0,50.09,13.304,66.3,185,43,0
2.659,95.23,4.634,1393.7,45.63,12.926,43.2,283,209,0
2.849,87.53,4.241,1444.7,41.51,10.65,76.4,1179,336,0
2.823,67.21,5.359,1442.6,44.59,14.395,63.4,686,249,0
3.489,77.72,4.405,1495.2,47.29,12.173,50.7,863,83,0
1.643,79.17,4.457,1363.3,49.54,13.486,64.0,685,138,0
3.044,86.91,3.392,1531.6,46.67,15.058,50.1,666,230,0
3.454,66.81,4.402,1636.6,43.1,14.235,35.7,1038,11,0
1.077,85.92,4.918,1528.1,47.78,14.24,65.9,890,272,0
2.756,69.52,3.966,1580.9,49.3,12.385,71.2,816,89,0
2.097,61.64,4.125,1609.5,46.9,13.588,66.4,1664,24,0
2.435,82.24,4.896,1623.6,40.82,12.427,41.5,341,25,0
2.778,87.91,3.762,1687.0,44.09,9.581,77.8,604,152,0
2.11,100.88,5.029,1450.1,49.74,12.605,31.3,1807,59,0
1.959,63.0,4.234,1428.2,38.08,12.513,46.6,734,59,0
2.527,81.99,4.306,1578.3,34.53,13.167,43.0,1497,282,0
1.63,70.9,3.938,1570.8,52.54,11.744,32.4,819,170,0
1.631,82.83,4.689,1577.6,47.56,10.477,50.3,907,75,0
3.043,60.3,5.73,1688.9,48.03,13.313,61.2,1132,275,0
1.581,62.37,4.891,1501.1,39.62,9.373,74.1,1355,207,0
3.033,67.24,4.068,1542.6,48.69,14.918,79.5,540,154,0
2.87,75.79,5.068,1402.0,46.38,11.537,70.4,439,179,0
1.119,68.59,4.342,1713.5,37.08,12.491,53.4,1733,81,0
1.958,81.59,5.187,1466.3,52.12,13.117,66.2,988,9,0
3.455,85.27,4.903,1469.2,45.79,13.181,72.2,1736,242,0
1.715,81.0,3.028,1465.3,43.02,9.182,53.3,666,177,0
2.128,91.19,3.998,1435.5,43.11,13.648,69.3,384,285,0
2.87,79.16,4.972,1427.1,34.92,12.606,54.1,582,256,0
3.127,62.83,4.576,1447.6,47.97,10.729,49.3,160,309,0
2.299,88.63,3.988,1363.4,46.31,10.501,56.3,432,3,0
2.022,68.95,4.183,1421.5,44.03,11.332,63.8,1420,214,0
3.638,84.1,3.547,1694.9,51.39,9.403,66.3,615,29,0
3.891,90.74,4.456,1573.6,38.08,15.445,47.8,488,345,1
3.283,79.57,5.605,1592.6,42.02,14.972,58.6,1772,64,0
2.568,60.04,4.902,1617.7,40.75,12.903,75.5,1213,123,0
1.853,65.82,5.595,1683.4,43.61,11.553,78.8,1442,284,0
1.836,88.23,4.941,1322.9,45.34,11.606,41.4,343,152,0
2.918,73.31,5.014,1377.0,47.15,13.516,39.6,1385,39,0
2.835,75.8,5.487,1419.6,43.27,15.516,63.8,109,25,0
3.621,82.59,4.689,1453.0,40.61,10.859,50.7,849,272,0
3.02,81.96,4.406,1469.9,53.43,9.765,31.2,301,158,0
1.298,77.79,5.016,1455.3,57.06,15.095,47.3,1392,188,0
3.342,72.91,5.227,1521.9,45.72,8.426,70.3,1279,263,0
1.702,71.87,4.26,1503.5,41.22,9.983,69.9,1340,68,0
2.193,83.58,4.139,1427.7,52.38,11.506,54.7,705,0,0
2.7,80.54,4.569,1282.4,37.77,8.879,53.6,1095,78,0
4.097,72.43,4.916,1400.7,43.33,14.224,59.0,269,227,0
4.988,85.82,4.899,1445.1,41.52,13.714,41.0,1525,326,1
2.985,73.71,3.788,1475.3,39.2,10.85,56.3,1233,45,0
2.353,66.48,5.456,1387.0,43.6,14.559,30.6,478,107,0
2.928,67.41,4.179,1450.9,40.68,14.899,53.8,176,354,0
3.21,65.21,4.367,1386.9,45.06,11.774,46.8,239,123,0
2.243,72.28,4.049,1487.4,45.14,11.099,63.7,893,147,0
3.936,87.34,5.849,1392.7,41.89,16.519,61.9,610,251,0
2.684,66.95,4.621,1415.1,43.15,13.442,49.0,859,1,0
2.898,76.88,4.075,1369.1,43.85,12.513,30.4,1466,221,0
3.033,68.43,4.932,1484.6,49.05,14.727,42.6,1625,188,0
2.837,72.4,4.885,1413.4,44.26,12.604,61.7,1788,70,0
3.171,59.9,4.406,1590.7,49.12,10.989,33.6,492,358,0
2.006,72.79,4.92,1540.6,47.93,12.16,35.4,99,332,0
2.053,73.06,4.087,1493.0,47.86,14.077,62.4,329,96,0
1.62,80.4,4.254,1420.3,51.94,8.016,67.8,1350,231,0
2.852,77.23,3.495,1538.1,39.4,11.424,46.1,445,29,0
3.123,63.02,3.838,1569.1,42.63,14.766,54.5,1690,29,0
2.866,85.84,5.404,1514.3,53.82,10.976,77.3,998,214,0
3.84,77.1,5.321,1660.4,43.71,15.092,77.3,295,172,0
2.496,76.98,4.533,1546.0,30.92,14.829,45.4,442,279,0
3.035,74.91,5.331,1591.4,43.99,11.869,70.5,795,210,0
1.627,69.82,4.42,1513.4,45.67,10.863,59.7,891,316,0
2.19,77.18,4.378,1567.6,31.91,11.425,78.8,31,124,0
3.056,79.76,4.528,1420.3,51.67,17.329,53.9,1155,79,0
3.179,57.53,4.438,1454.2,41.43,15.749,68.7,1752,183,0
2.265,69.61,4.392,1534.9,46.64,12.251,68.4,1551,14,0
2.443,72.45,5.072,1534.2,43.87,10.784,54.9,438,10,0
1.286,77.56,4.575,1550.8,38.56,12.234,69.8,1350,341,0
2.214,86.93,4.856,1610.0,39.65,12.488,43.1,1291,88,0
3.212,67.28,5.016,1357.5,40.32,9.513,36.1,286,2,0
2.96,70.02,4.694,1402.6,50.43,12.16,51.3,291,23,0
2.901,69.87,4.015,1523.0,44.26,14.645,77.2,368,88,0
2.54,66.98,3.824,1427.6,42.39,8.401,55.0,486,8,0
2.506,71.53,4.574,1837.8,40.33,13.653,61.8,555,45,0
1.972,82.71,4.414,1551.6,50.98,14.75,61.2,168,93,0
3.059,64.46,4.544,1492.2,52.32,10.879,36.6,1495,70,0
2.837,79.28,4.492,1448.5,50.92,15.388,49.5,1791,187,0
2.894,57.98,5.792,1452.0,47.46,10.619,65.3,1194,138,0
2.079,69.39,3.835,1503.0,46.45,12.882,78.6,771,9,0
0.777,71.71,3.505,1511.2,38.92,11.386,38.4,1370,2,0
3.378,91.75,4.666,1454.3,43.77,11.386,50.5,78,18,0
2.117,72.25,4.312,1472.7,41.58,10.765,34.8,851,129,0
1.81,52.99,4.658,1634.4,35.87,13.397,42.1,1109,220,0
3.055,55.01,4.792,1638.5,50.29,13.698,48.8,892,129,0
2.186,75.34,5.142,1525.2,41.52,11.871,57.0,661,112,0
3.348,81.14,3.746,1365.9,50.98,9.28,41.5,1225,137,0
2.994,78.75,4.222,1553.9,49.41,12.806,41.4,589,42,0
3.047,76.68,4.714,1655.4,47.78,12.844,68.9,1385,217,0
1.407,86.62,4.885,1637.0,48.06,11.567,78.1,762,57,0
3.47,69.6,5.597,1573.4,41.92,15.734,46.2,565,112,0
2.709,83.95,4.978,1642.2,54.29,8.872,64.4,812,187,0
2.205,58.68,4.472,1505.3,45.22,7.565,42.9,302,121,0
2.615,65.95,4.055,1562.8,46.51,10.538,76.4,293,84,0
1.079,56.93,4.218,1431.9,41.75,13.421,63.6,294,105,0
2.827,72.25,4.204,1529.2,40.34,9.888,70.1,109,355,0
1.677,74.54,4.828,1633.0,47.39,10.038,32.5,365,98,0
1.418,76.14,4.628,1441.1,46.09,13.902,59.9,600,8,0
1.282,75.62,3.838,1413.9,41.05,12.925,56.4,678,5,0
3.39,65.72,4.282,1509.7,37.81,12.754,44.6,1518,107,0
1.997,73.1,4.939,1477.3,38.65,13.563,43.1,1291,151,0
3.727,60.03,4.676,1564.9,50.98,11.15,59.0,93,337,1
2.071,88.63,4.784,1454.7,41.93,11.242,65.3,1709,236,0
1.134,71.96,4.691,1671.8,43.31,13.62,31.7,1088,26,0
1.607,70.11,5.313,1371.0,52.25,9.31,58.4,428,118,0
3.489,90.89,4.618,1625.4,39.39,7.715,38.5,638,210,0
2.375,62.58,4.307,1423.5,41.37,11.133,37.0,368,99,0
2.061,63.74,4.042,1320.4,41.16,13.862,61.2,1766,2,0
2.628,64.04,4.625,1523.8,53.09,12.511,45.5,105,293,0
2.901,74.32,3.28,1474.5,54.97,13.715,52.0,209,329,0
3.394,79.32,4.408,1389.0,48.76,7.967,48.0,1598,328,0
3.659,82.4,4.397,1331.9,48.92,12.631,62.4,1012,16,0
2.212,100.72,3.818,1499.2,42.1,13.308,53.5,1776,105,0
1.439,52.51,4.036,1597.6,54.74,9.298,78.2,474,229,0
2.169,81.09,4.905,1558.5,46.34,13.724,47.6,1085,303,0
2.708,69.43,4.615,1505.7,49.27,11.777,67.0,1370,176,0
1.729,69.14,4.551,1547.9,44.47,18.143,42.9,12,83,0
1.734,68.8,4.653,1497.3,43.66,7.646,55.4,466,262,0
2.775,65.91,4.546,1357.0,53.32,14.738,57.6,649,195,0
2.461,91.85,5.121,1357.9,47.7,11.212,46.5,1219,248,0
2.526,83.42,4.562,1479.7,52.26,8.766,53.6,1098,148,0
1.893,75.23,3.771,1483.9,46.28,10.946,44.0,875,205,0
2.316,88.51,5.315,1585.1,40.76,12.555,30.3,386,80,0
1.761,59.87,4.685,1575.7,42.08,14.075,40.8,1160,188,0
3.212,61.69,4.205,1560.5,45.51,15.444,65.0,884,205,0
3.328,53.22,3.873,1472.0,41.87,14.844,68.5,555,307,0
1.023,68.01,4.698,1361.9,39.46,10.069,44.0,1460,268,0
1.756,76.62,4.441,1541.2,51.01,14.26,50.4,1063,289,0
1.303,76.03,5.287,1552.5,42.28,12.783,31.9,1567,360,0
1.98,76.49,4.327,1261.1,45.69,10.691,41.9,654,299,0
2.433,60.89,4.081,1416.6,46.48,11.576,69.0,1344,254,0
1.34,83.03,4.948,1430.9,42.06,10.58,60.3,865,7,0
1.763,77.4,4.963,1511.8,52.25,12.074,40.3,989,113,0
1.697,82.33,4.584,1419.7,39.41,10.541,42.9,1580,4,0
2.666,56.07,4.838,1496.2,46.31,9.944,70.8,1724,341,0
2.555,78.11,4.481,1478.9,46.23,12.958,40.5,353,72,0
1.923,63.12,4.617,1484.1,44.73,13.257,46.7,514,347,0
2.641,71.03,5.082,1428.4,38.52,11.625,63.2,1507,120,0
2.063,80.34,4.813,1436.1,49.35,14.735,58.1,1440,301,0
2.283,75.91,4.415,1392.0,48.72,11.479,53.0,804,233,0
3.839,66.48,5.176,1538.0,41.62,11.394,75.0,1394,65,1
3.572,75.06,3.318,1557.1,48.54,13.321,41.0,343,229,1
1.46,59.68,5.526,1422.9,46.87,11.735,67.1,1349,30,0
3.164,86.5,3.647,1652.1,38.6,12.17,38.0,1391,306,0
3.149,72.95,4.186,1468.5,40.73,6.959,60.8,336,296,0
1.581,86.19,4.48,1653.0,50.69,12.033,73.5,1320,50,0
3.155,69.73,4.427,1435.8,46.55,8.346,52.9,24,146,0
3.73,69.76,5.003,1297.3,42.18,9.558,66.2,885,94,1
1.602,67.36,3.971,1540.2,40.71,9.329,71.0,1466,328,0
1.766,83.76,4.63,1524.9,42.42,9.915,36.8,104,37,0
3.314,67.91,4.211,1503.4,42.78,10.902,65.3,1436,197,0
2.717,81.45,4.648,1435.8,40.77,11.027,76.0,574,240,0
2.941,71.18,4.468,1496.5,36.29,13.329,58.8,1689,172,0
2.772,55.24,4.546,1448.9,50.7,12.445,39.3,775,255,0
2.813,69.3,4.225,1469.8,49.85,8.198,36.3,1318,40,0
1.439,63.21,4.245,1584.2,38.63,12.167,43.0,887,128,0
3.338,75.34,4.644,1518.4,45.68,12.637,35.2,243,53,0
3.436,63.1,4.972,1561.0,40.49,11.343,55.7,342,85,0
2.316,84.26,4.201,1476.8,43.69,11.878,33.5,633,211,0
2.465,74.09,4.066,1465.8,43.28,12.381,41.2,865,268,0
1.275,73.22,4.807,1384.7,42.86,13.529,52.0,173,295,0
2.911,81.56,4.484,1463.0,55.01,8.85,53.7,1440,20,0
2.958,84.64,4.915,1167.9,42.8,11.511,58.3,103,214,0
2.45,74.8,4.047,1441.0,40.96,15.017,65.3,160,188,0
3.399,67.29,3.61,1491.8,41.19,14.833,32.4,1281,160,0
2.233,57.26,4.233,1556.4,50.22,13.702,34.0,714,200,0
2.952,68.14,4.117,1473.1,36.74,13.074,33.0,557,28,0
1.684,68.83,4.461,1534.8,41.19,15.309,51.2,576,243,0
2.481,76.07,4.182,1282.0,52.23,15.836,32.1,196,182,0
2.361,71.55,4.871,1494.3,46.22,11.742,67.3,989,31,0
2.68,81.88,4.356,1332.0,45.96,10.061,41.2,1415,266,0
2.204,68.87,4.575,1379.2,55.66,11.459,77.0,934,35,0
2.395,74.43,4.579,1481.3,46.23,18.193,54.3,70,92,0
3.161,86.84,4.597,1627.6,41.46,8.861,52.3,1717,158,0
2.151,78.42,4.488,1537.1,43.59,11.059,69.0,843,179,0
1.215,74.4,4.755,1501.8,39.32,9.175,65.7,247,305,0
3.9,68.98,4.102,1498.0,51.28,12.25,60.4,329,217,1
3.605,68.67,5.2,1428.6,47.87,9.595,76.8,158,328,1
1.466,66.49,4.382,1445.6,50.62,11.782,51.1,918,352,0
3.052,69.59,3.844,1542.7,51.06,8.1,70.4,698,342,0
2.098,82.56,4.594,1361.5,42.93,13.235,49.0,743,226,0
2.711,72.78,4.074,1559.3,40.28,14.445,71.9,585,211,0
2.735,61.5,4.833,1461.1,44.74,11.232,43.0,55,352,0
2.312,92.68,5.605,1582.6,40.64,11.73,44.5,486,162,0
1.873,78.2,4.107,1596.1,45.82,11.673,63.9,1267,157,0
1.948,60.93,4.666,1332.7,50.66,12.362,40.6,1377,109,0
1.767,70.58,3.622,1441.8,44.16,11.924,41.5,410,54,0
1.835,76.11,4.727,1414.4,45.75,13.536,45.3,960,349,0
2.446,92.05,4.057,1318.7,44.53,14.466,63.9,905,213,0
1.927,63.92,4.188,1396.7,49.01,10.372,74.5,727,364,0
3.046,84.76,3.949,1744.1,41.66,11.381,63.7,1039,14,0
3.69,88.99,4.866,1561.0,34.02,13.803,71.4,147,152,0
2.036,68.71,5.004,1691.7,47.35,9.157,57.2,1514,19,0
2.692,72.22,4.512,1582.9,49.94,8.059,33.4,1680,51,0
2.9,64.64,4.068,1425.8,47.23,12.453,35.0,1049,342,0
2.878,72.97,5.295,1461.8,41.8,12.993,57.7,1635,320,0
2.561,74.63,4.125,1558.8,39.32,10.555,46.4,1715,83,0
3.094,81.6,3.419,1543.8,47.47,10.843,41.0,333,325,0
2.886,85.9,4.729,1442.3,45.71,10.48,53.3,1198,223,0
1.51,67.52,3.948,1349.0,44.37,10.266,63.3,1799,128,0
3.195,55.33,4.994,1828.8,54.11,13.387,49.2,290,349,0
3.21,74.79,4.309,1485.9,40.27,9.639,70.1,570,15,0
1.889,77.94,4.802,1467.4,53.88,11.469,66.9,791,273,0
2.53,77.49,5.201,1511.3,45.16,10.189,66.7,1169,76,0
3.047,71.73,3.896,1475.7,35.82,9.089,79.3,909,299,0
2.333,76.25,4.217,1512.3,44.1,13.74,44.8,1146,305,0
3.358,90.15,4.462,1628.7,49.8,10.96,62.2,27,91,0
4.391,78.82,5.269,1487.5,43.17,12.377,72.8,1090,269,0
1.871,71.27,4.171,1383.7,37.63,8.984,59.0,1125,51,0
1.395,70.0,4.203,1483.8,44.18,10.516,69.5,926,348,0
2.743,73.3,4.739,1453.6,40.71,13.512,50.7,388,120,0
3.077,91.37,4.211,1642.4,47.46,17.175,59.5,1118,49,0
2.315,73.17,4.576,1617.1,48.87,8.048,32.8,1091,272,0
3.663,74.8,3.724,1510.8,39.72,11.598,79.3,250,119,1
1.429,70.18,5.607,1372.1,41.47,12.825,70.0,142,94,0
3.054,85.99,3.826,1377.4,48.78,10.768,73.4,267,148,0
2.015,94.6,4.339,1501.5,40.71,13.699,64.7,1576,288,0
3.876,79.51,4.484,1533.6,39.59,10.267,39.3,215,256,0
4.094,75.83,5.456,1462.5,39.11,12.308,31.6,489,183,1
1.887,75.37,3.838,1452.0,46.76,10.956,73.2,496,259,0
2.06,51.16,5.492,1440.7,46.55,14.439,49.8,480,149,0
3.188,82.45,4.879,1497.7,41.58,10.647,43.2,643,204,0
2.19,76.34,4.709,1261.7,45.03,11.296,58.1,1514,171,0
2.464,79.28,4.008,1389.9,52.64,13.891,51.0,1,312,0
2.52,67.89,4.786,1437.3,40.13,9.944,62.6,1033,221,0
0.964,71.16,4.138,1620.8,35.24,12.138,54.2,841,167,0
2.489,70.89,5.133,1418.6,47.28,8.355,64.9,380,243,0
1.948,85.22,4.014,1518.0,44.45,9.824,72.7,844,217,0
2.106,71.21,4.443,1522.7,41.45,12.764,39.8,1168,55,0
3.655,95.83,4.222,1629.8,48.26,10.019,46.5,302,62,1
1.495,79.31,4.006,1626.3,49.2,10.911,51.8,650,102,0
3.151,62.24,4.871,1494.2,33.96,12.986,78.1,1441,166,0
2.277,73.71,4.768,1452.5,41.74,10.842,48.3,809,6,0
2.276,68.48,5.105,1433.6,56.59,13.646,49.1,1203,141,0
3.132,53.06,3.61,1475.9,47.92,12.431,62.7,1302,124,0
2.772,90.99,5.032,1456.6,48.38,12.871,51.0,1168,89,0
2.956,82.03,5.753,1555.4,50.86,14.482,77.6,339,310,0
3.275,80.33,4.274,1542.0,45.09,12.64,74.7,1483,215,0
2.235,76.65,5.448,1559.2,48.98,15.078,55.7,1726,122,0
2.01,61.18,4.368,1625.9,48.59,13.823,62.2,1355,185,0
1.632,70.16,3.814,1686.3,47.7,10.953,32.9,1294,152,0
1.84,83.42,4.347,1512.5,43.39,14.586,64.8,999,248,0
4.859,64.49,5.024,1609.9,45.86,12.528,65.4,1211,113,1
3.496,49.68,4.081,1464.8,42.06,11.211,48.0,666,95,0
1.419,72.73,4.2,1618.5,45.06,12.557,41.0,1196,197,0
1.442,73.58,4.797,1606.2,39.16,14.225,75.8,404,335,0
2.885,76.36,4.502,1600.8,41.05,12.91,51.3,1492,2,0
2.938,82.29,4.792,1509.4,43.59,15.645,62.7,247,148,0
2.939,81.38,4.619,1433.2,40.28,14.173,31.7,1547,110,0
2.296,77.59,4.74,1360.5,42.47,13.046,50.7,559,19,0
2.4,86.96,4.284,1496.0,44.18,9.948,70.9,778,202,0
2.762,59.81,4.616,1653.3,47.01,11.641,49.4,111,181,0
2.569,80.05,4.036,1469.0,49.75,12.143,60.2,988,330,0
0.725,81.27,5.144,1578.5,42.68,13.393,40.5,813,226,0
2.316,62.6,4.183,1584.4,51.68,13.275,50.8,1327,291,0
1.819,59.97,5.064,1471.6,49.69,12.339,76.4,930,357,0
2.64,67.54,4.383,1631.6,47.52,12.241,58.3,886,75,0
4.888,68.38,4.601,1209.1,45.77,13.441,75.1,909,316,1
2.794,82.53,4.253,1377.7,46.6,10.283,75.1,1497,315,0
2.249,68.85,3.992,1408.4,50.94,15.391,77.2,791,222,0
3.237,66.44,3.628,1418.0,51.12,7.906,74.8,292,35,0
2.886,68.88,3.972,1533.6,51.67,14.911,30.2,1276,323,0
2.836,86.19,4.338,1529.0,45.21,11.91,76.7,1612,299,0
2.985,75.13,4.606,1539.4,47.77,14.005,36.9,175,332,0
4.145,73.21,5.005,1559.6,51.72,12.728,32.0,109,89,1
1.595,73.9,4.277,1405.0,41.88,12.692,32.8,962,28,0
2.879,87.92,4.059,1378.2,43.41,13.109,47.4,1364,175,0
1.759,67.51,3.779,1539.6,45.08,13.618,61.0,848,219,0
2.944,88.16,4.74,1437.0,49.5,11.342,50.1,1038,135,0
1.765,77.1,5.192,1343.0,49.58,14.07,31.3,693,351,0
2.166,73.4,5.133,1597.1,43.85,9.831,53.8,1346,174,0
2.264,100.01,4.855,1639.5,37.46,11.989,52.1,1808,125,1
3.281,64.44,4.819,1655.7,46.23,13.672,67.8,964,170,0
3.235,71.46,5.349,1518.7,40.41,13.99,44.0,43,265,0
1.503,62.68,4.666,1562.6,37.55,12.922,40.9,461,133,0
2.544,84.52,4.823,1637.0,38.68,11.213,42.8,1126,271,0
1.932,91.89,4.34,1435.9,46.63,13.793,45.2,1649,25,0
1.493,91.7,3.819,1611.1,51.81,10.661,60.0,705,276,0
2.326,87.24,4.158,1527.5,45.19,15.503,53.6,1033,99,0
2.253,73.02,4.495,1591.4,46.06,11.831,46.8,149,361,0
4.441,71.35,4.53,1518.6,50.91,8.921,48.7,338,29,1
2.846,58.29,5.463,1629.6,37.28,9.611,48.5,1003,132,0
1.398,95.36,4.541,1522.4,47.6,12.087,78.6,224,350,0
2.048,79.69,5.089,1351.6,44.94,12.28,41.6,1134,138,0
3.317,70.08,4.282,1645.2,47.83,15.939,70.9,354,190,0
4.171,88.28,4.344,1405.2,42.58,9.923,65.4,1108,186,1
1.231,65.27,3.835,1625.3,40.91,12.079,30.3,555,139,0
0.996,79.07,4.129,1491.0,45.7,9.881,79.7,66,319,0
3.997,73.27,4.763,1617.6,53.25,11.015,67.8,1412,236,1
2.812,81.39,4.504,1613.5,49.3,15.368,64.1,621,296,0
1.805,74.36,4.971,1543.0,42.46,9.727,50.3,1638,199,0
2.928,60.49,4.591,1550.9,38.3,13.174,57.8,1159,283,0
0.391,75.76,4.324,1542.3,36.59,12.786,42.7,1110,79,0
2.503,85.49,5.574,1298.6,51.58,11.952,31.8,84,258,0
2.762,74.71,4.453,1511.8,40.22,13.039,71.8,227,100,0
3.239,82.75,5.082,1388.4,43.37,9.68,74.8,1284,31,0
1.689,64.54,4.299,1517.1,51.61,15.313,38.1,892,276,0
2.569,74.74,4.855,1385.7,36.93,15.85,69.4,1013,120,0
1.76,68.75,4.964,1381.5,52.46,12.094,67.1,20,54,0
2.704,82.47,4.604,1660.5,43.73,16.846,38.9,1059,17,0
1.784,75.31,3.323,1606.9,39.26,11.202,51.1,755,308,0
2.174,81.9,4.509,1499.6,43.76,12.801,51.1,1467,120,0
1.703,85.88,5.115,1518.5,41.39,14.864,68.0,941,109,0
3.021,81.92,4.764,1475.2,47.2,11.082,71.9,270,330,0
3.187,77.73,4.723,1557.0,41.76,9.237,34.7,1759,60,0
2.312,65.02,3.639,1432.4,35.44,8.777,58.1,406,263,0
2.531,74.97,4.14,1599.4,43.9,16.122,68.1,1532,267,0
1.341,69.67,4.706,1474.7,38.22,10.942,69.3,304,296,0
2.26,71.56,4.705,1458.0,46.02,11.629,37.4,1694,126,0
2.46,71.25,5.107,1502.2,39.06,9.774,56.3,1309,136,0
4.597,65.2,4.428,1440.9,42.56,13.897,72.9,1572,77,1
1.61,55.43,4.703,1532.9,45.91,10.437,45.9,1009,206,0
3.671,68.32,4.508,1446.3,43.94,11.017,51.3,810,183,0
3.297,76.93,4.007,1546.9,46.25,12.599,70.2,1053,88,0
2.725,61.52,3.372,1621.6,48.4,9.872,34.5,391,319,0
3.907,75.16,4.716,1428.1,39.21,11.643,73.0,1440,228,1
2.798,94.0,4.587,1486.9,44.68,14.804,45.6,1791,63,1
2.811,85.23,4.191,1546.1,28.35,12.857,30.1,909,325,0
2.458,91.44,3.69,1456.4,46.24,12.261,41.7,142,54,0
3.479,78.91,4.815,1546.4,43.5,12.43,34.5,646,292,0
3.377,86.68,4.367,1555.5,40.08,11.222,34.6,1680,280,0
1.999,67.76,4.778,1608.3,46.58,15.992,64.6,809,278,0
1.445,68.56,5.432,1439.4,50.86,10.376,40.7,948,187,0
2.338,47.61,3.429,1405.7,42.62,12.422,76.7,1365,190,0
1.86,86.86,4.15,1469.2,40.28,12.23,55.8,245,272,0
2.449,90.4,4.395,1403.2,45.83,14.018,53.0,766,94,0
3.49,69.47,5.227,1556.4,38.32,14.206,51.7,876,89,0
2.134,72.46,3.682,1383.8,41.7,11.936,64.6,912,246,0
2.466,67.46,5.468,1733.3,51.11,12.581,52.6,1029,74,0
2.546,78.83,4.568,1629.6,45.31,12.657,36.4,920,61,0
3.179,86.25,4.452,1501.3,35.6,7.456,74.0,939,221,0
0.702,57.57,4.401,1586.7,36.02,8.822,51.4,449,266,0
2.015,79.09,4.282,1336.3,45.81,10.79,33.7,266,120,0
2.669,72.23,5.024,1752.3,49.31,10.877,56.5,1515,311,0
3.46,76.13,3.966,1441.0,36.91,9.601,62.4,1263,308,0
2.106,79.59,4.673,1488.0,47.25,13.499,43.8,250,340,0
0.999,73.12,4.308,1314.4,51.65,12.004,70.0,955,27,0
2.996,73.96,4.119,1548.6,54.44,11.571,63.5,1315,341,0
1.992,72.86,5.793,1389.4,46.66,9.488,62.5,543,301,0
1.548,84.7,4.71,1510.2,47.53,11.911,51.0,632,273,0
2.001,79.19,4.807,1445.6,34.33,6.747,78.1,1103,22,0
2.352,77.21,5.069,1392.2,55.5,11.674,43.7,907,98,0
2.016,62.29,3.789,1419.6,42.12,12.126,58.9,521,284,0
0.736,71.21,5.376,1522.6,40.33,12.484,45.5,1474,307,0
3.218,83.99,3.246,1371.9,43.72,8.872,67.2,1580,109,0
3.52,75.38,4.116,1425.1,52.56,12.45,32.4,884,202,1
3.021,81.6,4.27,1566.3,56.04,9.917,32.3,734,105,0
1.59,92.67,4.791,1760.2,45.63,10.375,70.5,144,45,0
2.339,85.39,4.609,1547.8,49.99,13.436,51.7,1144,256,0
2.495,75.93,4.417,1408.3,45.22,16.028,47.1,944,143,0
2.979,69.89,4.494,1463.3,39.81,12.103,60.4,565,24,0
3.035,49.46,4.011,1503.2,52.38,10.366,65.1,1601,61,0
1.913,73.32,3.751,1465.1,41.89,12.377,40.1,1200,229,0
2.566,71.74,4.863,1590.3,52.68,13.878,39.3,70,81,0
2.866,78.9,4.847,1521.7,51.49,13.242,77.9,633,335,0
3.665,73.46,5.292,1590.8,48.07,17.486,59.5,889,210,0
3.064,71.8,4.105,1468.6,54.14,10.569,49.5,1227,196,0
3.131,57.21,4.846,1632.6,56.16,12.504,70.1,801,346,0
2.567,65.6,4.358,1483.4,44.12,15.098,56.3,180,197,0
3.628,79.77,5.095,1402.9,40.96,14.972,42.1,593,161,1
2.828,92.16,5.011,1717.7,35.68,8.1,40.3,567,207,0
1.811,74.02,4.606,1317.5,56.22,11.993,49.8,691,308,0
3.623,78.28,4.33,1426.1,42.8,14.969,73.0,1634,43,1
3.058,84.52,4.98,1437.3,50.68,17.781,33.1,1134,287,0
2.146,66.89,4.823,1750.8,41.29,13.408,40.9,1448,278,0
2.116,78.67,4.158,1680.7,52.69,11.264,74.7,665,274,0
2.737,67.6,3.836,1649.4,41.5,9.982,36.1,1527,220,0
2.871,83.65,4.356,1466.9,39.04,16.437,61.5,406,284,0
2.658,76.51,5.258,1742.6,43.96,13.457,40.7,986,145,0
2.749,77.98,5.073,1536.8,42.34,10.304,60.3,637,68,0
3.86,67.17,3.944,1597.7,47.98,11.594,49.2,1115,139,0
3.357,82.07,3.916,1518.0,44.74,12.62,35.1,1318,9,0
2.653,95.85,5.137,1495.1,48.14,13.088,59.1,1417,110,0
3.253,64.92,3.932,1474.8,43.54,10.201,64.2,1061,36,0
1.674,71.6,4.755,1479.0,41.67,10.772,64.0,517,80,0
2.818,77.32,4.192,1560.8,42.08,8.694,61.9,850,95,0
3.947,82.86,5.309,1536.7,55.22,14.08,55.0,1686,54,1
2.326,69.4,4.115,1496.9,46.13,11.317,56.0,908,131,0
1.822,46.67,5.072,1651.0,35.08,12.933,61.8,316,222,0
1.978,88.59,4.592,1203.3,42.4,14.845,64.5,1196,62,0
1.628,82.61,4.626,1551.0,45.48,12.44,62.7,1430,11,0
1.872,57.57,3.515,1571.8,54.23,11.774,59.3,1286,145,0
2.204,68.92,3.399,1614.7,50.14,12.388,37.8,1508,263,0
1.376,90.68,4.39,1493.5,40.39,12.126,40.5,27,31,0
2.512,89.48,4.623,1520.8,57.09,14.492,43.0,1519,48,0
3.222,84.39,3.937,1598.6,44.84,12.622,76.0,55,359,0
1.774,73.24,3.956,1649.1,51.23,10.911,68.0,249,186,0
3.715,75.83,4.781,1469.9,39.22,14.096,57.6,273,342,1
2.909,73.69,4.781,1526.7,33.01,14.461,42.6,1283,98,0
3.324,86.28,4.431,1667.9,37.96,9.323,35.5,1802,166,0
1.974,66.24,4.89,1287.6,28.75,15.066,74.9,191,305,0
3.184,66.94,3.913,1431.0,55.56,12.729,74.6,575,212,0
1.626,85.1,4.322,1646.6,46.07,12.567,35.5,857,198,0
3.212,74.56,5.324,1609.3,40.38,14.013,69.9,1470,245,0
2.637,88.78,4.534,1552.2,47.26,10.866,52.3,1526,153,0
2.943,68.28,4.563,1455.1,45.95,13.908,46.2,616,95,0
1.56,74.45,5.653,1411.8,48.1,11.246,67.0,1417,62,0
1.784,65.78,3.8,1440.9,51.05,9.05,60.7,1432,193,0
2.978,75.07,4.898,1654.8,43.55,10.004,69.0,1824,321,0
1.741,60.21,5.332,1437.2,40.6,13.134,33.7,1795,358,0
2.871,70.12,4.338,1510.1,49.14,10.109,45.9,1018,301,0
1.406,60.64,4.93,1424.6,49.01,15.22,46.0,673,271,0
3.179,81.94,4.009,1584.3,45.5,14.379,46.5,683,89,0
1.514,82.17,4.157,1446.1,55.89,14.667,55.1,109,327,0
2.942,57.7,4.692,1490.2,42.81,12.25,44.2,652,271,0
3.001,88.34,4.899,1331.7,40.5,12.516,52.2,1629,84,0
1.943,99.97,5.06,1338.7,47.09,9.613,48.4,981,294,0
2.966,75.46,5.285,1500.8,41.63,13.992,66.8,1127,35,0
2.708,68.59,4.466,1367.5,47.48,12.76,60.2,226,17,0
2.069,103.24,5.097,1710.5,40.83,13.135,62.7,353,76,0
1.693,61.81,4.329,1293.8,43.0,15.377,40.5,1184,48,0
0.93,75.2,4.951,1420.0,54.45,10.788,46.3,1428,358,0
2.78,76.8,4.604,1501.7,42.97,11.748,31.1,1731,235,0
1.248,88.45,4.723,1463.5,41.01,12.653,35.4,1348,43,0
2.576,78.6,4.712,1389.6,50.85,10.129,43.3,145,108,0
2.289,70.01,3.698,1404.2,39.74,11.625,33.3,1778,128,0
3.043,65.49,3.938,1400.9,41.54,12.986,60.1,1489,6,0
2.258,71.58,4.551,1471.3,47.88,11.349,79.9,915,303,0
2.236,64.93,3.656,1695.2,49.69,14.618,35.0,1156,111,0
3.085,75.48,4.916,1507.8,51.1,8.978,71.1,1117,212,0
2.768,69.36,4.936,1618.3,41.26,14.246,35.9,273,303,0
2.753,60.06,4.664,1550.7,47.98,13.322,63.5,1728,306,0
2.875,87.55,3.939,1611.4,42.67,10.862,62.2,534,362,0
1.272,70.02,5.19,1220.0,41.97,10.151,75.1,1218,65,0
3.105,62.32,5.519,1469.6,51.02,7.839,35.7,1194,30,0
2.99,73.32,4.574,1630.7,42.25,10.41,45.8,460,294,0
1.687,75.68,4.755,1442.8,46.39,14.094,34.5,941,264,0
2.305,57.54,4.601,1676.2,45.78,11.888,50.4,1035,296,0
2.469,78.32,4.765,1648.4,39.65,14.326,75.6,181,318,0
2.392,64.53,4.44,1453.1,49.83,10.76,69.1,1256,13,0
2.767,92.11,4.483,1449.7,47.8,13.414,66.1,29,57,0
3.645,80.24,4.953,1398.6,35.07,10.565,56.7,532,343,1
3.365,71.0,5.673,1437.0,46.39,10.069,74.2,1029,241,0
1.45,67.55,3.8,1376.7,41.14,11.786,52.5,1570,352,0
2.998,73.95,4.448,1542.9,50.49,10.67,37.5,140,247,0
3.563,81.13,3.91,1354.4,37.77,8.914,71.9,1052,97,1
2.809,74.75,5.296,1560.4,43.22,11.635,44.0,98,161,0
3.373,72.83,4.206,1562.8,46.81,12.213,32.7,262,246,0
4.11,75.58,3.778,1333.9,45.27,14.537,36.3,1782,325,1
3.319,68.96,4.819,1655.0,48.81,13.874,60.5,19,341,0
2.699,71.57,5.372,1551.4,37.41,14.44,60.4,12,3,0
3.336,54.14,4.832,1575.0,53.26,13.441,43.0,537,305,0
2.616,84.74,4.602,1424.1,47.63,12.665,66.4,1549,260,0
2.519,77.99,4.705,1562.2,51.8,9.542,68.7,1489,330,0
2.219,67.27,5.207,1612.6,49.37,12.3,76.0,1612,44,0
3.751,93.99,4.063,1490.1,44.94,13.194,59.2,259,210,1
1.845,75.87,4.444,1700.2,38.58,14.915,69.0,24,243,0
3.726,64.64,4.274,1504.4,42.18,13.373,67.7,1032,202,1
2.9,83.57,3.916,1614.1,52.95,14.481,42.9,228,202,0
1.381,78.98,4.336,1529.3,51.93,9.936,45.5,376,26,0
2.794,78.95,5.054,1558.6,41.9,11.347,53.9,1147,117,0
0.82,70.74,4.783,1332.9,30.91,12.859,31.0,1114,225,0
3.0,79.5,4.822,1537.1,43.94,14.322,44.9,1480,359,0
3.208,72.38,4.573,1426.5,43.56,11.71,53.7,224,204,0
2.026,80.56,4.762,1415.4,43.75,11.835,35.4,736,246,0
2.599,55.95,4.1,1674.4,47.64,13.374,36.3,257,48,0
4.063,70.66,4.345,1478.6,49.38,9.748,53.2,515,252,1
2.095,92.22,4.596,1399.7,49.95,15.215,66.5,833,77,1
1.653,67.33,4.639,1464.1,47.23,10.242,71.7,1807,256,0
3.685,68.96,4.66,1370.0,36.0,8.163,57.3,1172,119,0
4.07,70.52,4.431,1643.4,43.29,12.02,53.7,1411,34,1
2.503,62.85,4.311,1430.4,56.52,15.397,49.2,701,311,0
3.309,52.92,6.079,1552.9,46.87,13.173,39.6,911,142,0
3.573,72.69,4.953,1635.6,46.84,13.502,37.3,699,196,0
1.906,76.36,4.707,1450.0,46.8,12.083,69.6,438,259,0
2.112,74.47,4.383,1553.2,47.08,11.695,53.3,1724,83,0
3.485,73.55,4.274,1397.0,33.08,8.91,69.5,1660,191,0
3.848,75.43,4.435,1744.6,43.8,7.481,65.2,37,21,0
2.95,85.23,4.646,1593.6,44.81,12.393,39.7,1685,23,0
1.796,73.1,3.56,1480.7,51.41,14.625,55.5,106,74,0
4.09,69.26,3.715,1422.7,45.24,12.688,52.2,615,133,0
2.075,72.19,4.182,1488.6,36.77,13.247,51.2,232,166,0
2.232,80.79,4.604,1466.0,47.15,15.167,57.1,867,109,0
2.774,89.12,4.38,1695.3,40.98,12.658,79.1,1170,89,0
3.743,68.72,5.239,1377.4,38.92,11.755,70.6,1041,36,0
3.183,75.99,3.759,1513.5,40.83,10.363,75.2,1183,309,0
2.832,78.38,4.124,1498.2,47.71,16.044,31.5,960,50,0
2.871,65.07,5.26,1488.3,51.29,13.053,37.0,1306,59,0
2.535,75.2,4.566,1489.1,47.41,10.113,34.2,278,71,0
2.947,60.34,4.942,1488.4,48.16,9.658,43.2,125,127,0
0.476,57.31,5.526,1587.3,47.37,14.506,52.1,1709,306,0
2.263,78.67,4.153,1560.9,45.51,9.925,62.1,1444,61,0
2.693,71.16,4.45,1541.9,48.48,15.708,55.0,1344,304,0
1.579,77.02,4.364,1196.6,32.91,6.487,75.2,675,178,0
2.809,74.82,3.523,1530.0,45.56,14.845,77.0,715,27,0
2.336,65.24,4.345,1334.4,39.78,12.974,38.2,1506,239,0
3.904,74.55,4.941,1564.6,50.81,12.237,72.6,667,231,1
3.758,62.67,4.77,1647.4,44.26,11.649,54.1,1348,152,1
2.127,88.91,4.81,1407.4,45.15,15.781,52.7,913,332,0
2.379,61.44,4.312,1473.8,37.47,13.414,69.2,395,6,0
2.441,73.04,4.172,1440.1,50.08,10.194,34.7,773,64,0
2.139,64.58,5.135,1623.5,48.14,8.562,74.1,186,122,0
2.656,80.7,4.251,1509.5,47.78,12.355,63.5,466,35,0
1.893,71.69,4.647,1672.8,40.93,11.998,73.8,1081,237,0
1.596,69.81,4.582,1541.4,41.13,8.96,79.7,1753,72,0
2.998,83.53,5.231,1524.2,46.12,11.889,55.9,458,29,0
3.004,75.29,4.986,1506.8,41.53,10.852,34.7,1001,226,0
1.857,80.17,3.852,1581.8,47.17,12.019,38.3,1232,302,0
3.216,65.19,3.906,1326.2,34.2,13.452,46.2,1738,346,0
1.995,60.95,4.789,1508.5,42.56,14.985,35.2,74,284,0
2.703,76.07,4.468,1493.0,53.98,13.818,70.8,1508,4,0
3.156,71.81,4.272,1572.5,47.2,10.557,44.8,1109,64,0
2.473,81.26,5.008,1481.2,45.83,12.738,78.8,632,234,0
2.864,74.2,4.594,1396.1,54.93,12.126,65.1,1038,114,0
2.087,77.05,4.526,1500.7,33.32,9.336,38.7,840,318,0
2.343,58.77,4.89,1391.7,40.92,12.796,53.8,1665,245,0
2.335,93.88,4.312,1307.5,42.99,15.713,53.3,912,348,1
1.903,73.36,5.284,1572.7,49.29,12.065,54.6,794,16,0
2.359,81.98,4.106,1557.9,49.38,8.812,56.8,49,306,0
1.261,66.64,4.828,1546.7,40.67,12.061,31.6,1450,36,0
2.107,78.08,5.217,1630.3,49.99,9.573,64.3,966,343,0
2.272,61.97,3.811,1433.5,42.98,13.727,54.4,359,218,0
2.295,79.52,4.328,1356.9,51.06,13.05,69.5,242,136,0
2.307,71.44,5.071,1493.0,39.84,11.658,70.8,1077,245,0
2.451,75.29,5.079,1465.2,44.38,11.338,41.5,1801,37,0
2.884,81.98,4.414,1415.8,42.55,11.576,32.4,1093,250,0
3.2,62.67,4.133,1492.0,50.28,12.017,65.2,1576,52,0
1.98,68.16,4.978,1438.8,42.39,10.456,78.9,1720,345,0
1.537,79.57,5.092,1316.4,44.79,9.224,52.3,1669,308,0
1.666,95.98,3.918,1455.9,47.53,14.277,43.0,56,202,0
2.11,73.62,3.898,1386.4,47.73,11.229,37.8,879,48,0
2.218,80.91,4.613,1523.2,49.43,12.334,44.4,1480,121,0
1.884,73.93,4.815,1434.4,46.06,12.571,46.4,255,325,0
1.463,94.42,4.35,1611.2,42.91,12.644,51.2,5,15,0
2.135,57.53,4.84,1660.4,43.25,9.652,62.8,1605,268,0
2.645,75.95,4.145,1567.9,45.13,8.648,43.7,1076,235,0
2.976,58.74,3.443,1344.9,46.25,10.823,32.5,329,120,0
2.054,49.93,4.288,1650.5,44.26,12.791,48.7,98,138,0
2.17,77.97,4.532,1657.6,45.1,10.544,72.8,1185,86,0
1.759,76.39,4.362,1501.9,37.41,11.29,54.9,1430,129,0
2.475,72.15,3.921,1632.3,48.34,16.255,78.2,981,251,0
1.821,73.94,3.592,1444.8,45.91,8.309,55.2,1003,349,0
2.959,105.98,4.243,1313.4,50.01,10.49,43.8,783,274,0
1.071,72.42,4.949,1424.0,45.0,15.793,39.7,577,359,0
2.212,80.1,5.128,1672.9,36.31,11.911,64.7,327,300,0
2.741,68.51,5.094,1350.9,43.21,10.588,56.8,243,46,0
2.647,77.95,4.092,1500.0,44.0,14.338,60.2,1528,78,0
4.654,72.62,3.923,1503.4,48.71,12.11,67.8,367,297,0
2.78,70.89,4.748,1448.7,34.65,11.303,66.3,774,363,0
1.697,93.19,4.818,1455.6,45.21,12.385,32.2,724,341,0
2.424,86.77,4.7,1507.2,47.57,10.684,70.1,1466,218,0
1.079,76.37,3.493,1443.8,41.69,9.965,56.6,1178,110,0
2.436,51.96,4.067,1357.8,45.37,11.773,49.6,234,226,0
1.834,71.39,4.485,1521.5,41.86,9.978,56.9,652,274,0
3.232,102.03,4.744,1607.3,41.35,12.021,60.6,333,255,0
2.06,72.69,4.884,1587.0,42.96,12.709,37.5,495,38,0
2.407,86.03,4.572,1419.0,41.45,13.706,50.9,1139,134,0
1.992,89.42,4.665,1374.9,48.42,14.256,46.8,369,294,0
3.891,77.19,4.542,1471.6,41.33,11.189,47.5,1357,97,1
2.243,66.58,4.843,1656.8,40.49,12.999,34.6,1154,33,0
3.966,50.65,4.656,1564.6,53.84,12.985,38.0,1202,67,1
3.151,81.84,4.533,1570.4,49.8,12.656,38.1,95,190,0
2.886,66.85,4.366,1589.0,35.69,11.041,48.7,1341,198,0
2.795,76.76,4.541,1542.1,41.18,9.944,74.7,907,47,0
2.815,62.5,4.742,1512.1,46.21,13.004,40.3,1125,258,0
0.958,72.35,4.634,1566.2,46.62,8.586,50.8,1220,212,0
2.277,75.34,4.69,1445.4,37.55,11.464,45.6,802,161,0
3.176,77.69,5.171,1358.6,50.79,6.893,69.4,208,112,0
2.461,63.85,4.633,1572.3,49.13,9.327,32.5,607,136,0
1.376,86.97,4.176,1623.8,47.41,10.246,39.8,473,316,0
2.458,69.03,4.942,1388.2,51.78,14.193,40.5,1639,11,0
3.863,58.26,3.817,1582.2,47.26,13.376,79.6,1032,358,1
3.498,73.91,3.959,1668.1,47.24,10.892,58.5,136,237,0
2.45,75.34,4.668,1499.8,52.79,13.459,36.9,610,283,0
3.261,76.61,4.758,1418.2,50.51,13.775,43.6,911,175,0
2.207,88.62,3.877,1512.3,40.79,11.679,38.4,261,224,0
1.137,72.64,4.309,1444.9,48.17,9.231,36.2,1171,74,0
1.76,73.8,4.197,1438.3,41.68,11.584,69.9,458,134,0
3.75,63.97,4.257,1543.3,47.52,11.804,54.8,1721,81,1
2.281,83.21,4.972,1339.6,47.38,9.535,61.6,1462,82,0
2.305,76.84,4.853,1355.6,38.08,12.734,46.6,1437,141,0
2.26,70.8,4.49,1501.9,44.39,12.56,57.7,1524,208,0
4.023,55.95,4.227,1497.8,46.33,12.89,42.9,232,214,0
3.801,89.44,3.825,1534.4,42.82,12.558,45.4,101,309,1
4.275,62.72,5.21,1687.5,46.57,13.46,62.6,147,254,0
2.373,69.09,4.796,1510.5,49.03,11.641,37.5,717,187,0
2.736,78.58,4.147,1559.8,44.85,12.404,60.9,507,246,0
1.287,63.03,4.86,1402.4,46.12,11.205,72.6,558,254,0
3.682,60.06,4.465,1576.8,51.92,10.831,36.0,104,322,1
1.566,53.76,4.356,1447.4,47.37,14.676,74.9,336,161,0
2.673,82.21,4.718,1507.1,46.0,7.912,34.0,446,344,0
1.622,69.55,4.129,1489.1,40.21,13.754,47.4,734,166,0
2.029,104.27,4.328,1603.3,48.36,10.759,60.5,444,77,0
1.83,65.06,4.561,1369.0,46.65,10.5,58.0,118,174,0
2.014,65.79,4.25,1271.7,51.42,12.523,34.8,1541,19,0
2.069,69.35,4.835,1478.7,45.23,9.021,69.9,929,95,0
2.061,77.43,5.435,1546.9,35.92,10.368,78.7,723,179,0
3.167,70.3,4.123,1515.2,36.5,10.302,39.1,567,94,0
1.616,81.12,3.667,1623.2,48.68,11.557,74.8,1555,70,0
2.676,65.21,3.499,1543.7,42.15,10.392,57.8,88,189,0
3.474,61.18,4.425,1443.6,47.18,15.202,76.8,1783,131,0
2.089,57.02,4.168,1267.5,45.57,15.594,38.8,1653,138,0
1.926,52.76,4.604,1476.3,44.17,7.956,69.6,476,274,0
2.316,69.82,4.566,1602.8,44.52,13.089,33.0,1706,101,0
3.444,71.99,3.698,1460.8,40.67,13.717,74.2,1509,282,0
2.655,68.69,3.593,1502.8,44.92,13.086,63.7,1686,28,0
2.075,87.43,4.648,1542.1,42.08,10.684,48.5,295,17,0
2.887,87.28,4.568,1398.5,43.14,11.512,39.5,720,243,0
1.618,71.65,4.287,1562.3,43.38,10.503,70.8,1405,174,0
3.045,57.06,3.671,1663.7,43.87,11.159,60.2,995,88,0
2.827,69.33,4.736,1482.7,49.61,9.58,48.0,1307,19,0
2.254,69.0,5.136,1387.1,44.35,11.77,52.2,844,325,0
1.829,68.43,4.639,1493.3,50.12,8.994,71.3,686,355,0
1.791,68.02,4.076,1277.6,52.69,11.6,46.9,639,17,0
2.928,68.47,4.522,1533.7,49.27,9.503,34.5,1180,37,0
3.483,71.13,3.817,1545.2,47.67,12.414,75.6,1204,88,0
1.99,68.64,5.029,1667.6,46.63,10.641,49.4,961,339,0
2.867,77.08,4.541,1480.6,49.33,12.581,47.4,935,149,0
0.83,78.6,3.616,1540.8,45.45,14.163,40.2,890,203,0
2.032,65.89,4.35,1413.9,49.92,15.179,74.9,914,232,0
2.475,87.71,4.732,1464.4,48.07,6.944,40.9,1111,103,0
1.772,65.2,4.333,1347.5,43.2,10.332,61.8,406,110,0
1.751,58.82,4.362,1480.5,49.48,11.394,74.0,1520,224,0
1.966,78.81,3.888,1469.5,45.46,12.921,31.7,1291,220,0
2.734,66.83,4.783,1529.9,44.47,8.699,71.4,1618,25,0
2.35,78.21,4.176,1437.6,42.62,10.036,50.5,1088,63,0
0.709,50.96,3.422,1508.3,45.83,12.261,62.9,119,253,0
0.803,88.92,4.314,1466.7,49.98,12.17,48.6,341,248,0
2.015,81.72,4.991,1466.9,49.44,12.755,64.8,313,223,0
2.866,60.0,4.307,1508.0,46.77,12.887,42.7,163,313,0
0.302,60.21,5.369,1504.1,48.0,12.677,31.1,1529,130,0
2.1,91.72,4.714,1576.1,51.36,12.387,77.4,293,29,0
2.079,67.63,4.669,1487.9,44.25,12.111,30.8,690,274,0
3.611,66.66,4.436,1465.0,39.42,13.33,71.2,1401,9,1
2.192,52.34,4.466,1481.9,51.51,7.521,38.5,1566,88,0
2.806,71.49,4.368,1428.5,42.35,15.089,49.6,1425,146,0
2.613,72.72,4.349,1464.0,41.55,7.591,71.1,673,126,0
0.796,82.15,4.765,1703.1,36.02,9.842,40.3,1424,185,0
3.115,61.01,4.032,1408.7,47.86,11.546,73.3,399,123,0
2.672,59.8,3.962,1472.1,36.89,13.345,54.9,909,106,0
2.907,79.51,3.938,1461.3,41.25,6.009,48.3,487,340,0
5.641,85.07,5.523,1475.3,47.94,11.944,63.1,1539,5,1
0.833,59.29,4.765,1466.9,48.61,13.585,47.1,1048,50,0
3.88,85.82,4.652,1527.9,41.74,13.989,47.4,1083,313,1
2.27,75.38,3.971,1329.0,44.33,10.605,66.7,749,135,0
2.73,85.92,4.812,1603.7,40.64,11.398,45.5,240,1,0
2.464,74.3,4.442,1563.3,42.26,10.768,40.0,311,17,0
2.161,49.78,4.607,1375.7,46.33,11.215,70.4,321,248,0
2.044,73.48,4.012,1273.1,42.49,9.936,70.3,672,184,0
2.764,85.6,4.58,1402.3,43.78,10.221,54.9,1505,221,0
1.286,66.06,4.288,1475.7,37.68,12.869,56.3,572,227,0
3.1,71.12,4.117,1758.0,50.66,12.263,64.8,1776,347,0
2.167,73.24,4.867,1554.3,47.55,12.983,55.5,414,193,0
1.596,46.0,3.731,1319.2,48.96,12.428,50.9,1346,311,0
2.14,91.71,4.782,1431.0,51.45,13.409,79.7,402,209,0
3.506,65.99,4.842,1494.7,40.87,13.756,37.4,59,298,1
2.072,80.06,4.06,1525.4,43.21,8.517,59.6,53,328,0
2.787,74.13,4.09,1368.5,35.53,10.291,74.3,1088,71,0
1.915,87.58,4.388,1486.5,60.7,11.537,64.4,633,116,0
3.106,79.06,4.641,1428.2,44.25,11.955,74.0,1143,263,0
3.048,72.65,4.424,1389.6,50.19,10.66,46.8,286,4,0
3.979,66.06,4.717,1526.0,38.81,13.824,43.6,18,268,1
2.36,82.98,5.381,1577.4,49.98,15.96,72.6,1029,6,0
3.035,56.27,4.246,1584.1,54.29,12.372,49.7,1416,20,0
2.578,81.46,3.642,1557.4,44.7,12.169,65.5,160,36,0
3.537,64.01,4.913,1450.3,39.95,13.699,37.4,142,172,0
1.925,87.52,5.342,1571.5,44.31,8.268,67.8,397,61,0
3.096,76.61,4.696,1530.9,33.87,12.057,57.4,1042,205,0
2.344,81.44,3.956,1513.4,44.81,13.958,43.4,580,100,0
2.449,75.82,4.438,1438.8,49.1,10.714,54.7,1138,118,0
2.573,57.48,3.941,1450.3,44.82,9.547,64.8,534,178,0
2.702,66.39,4.821,1507.4,43.58,11.628,30.6,1556,131,0
2.407,81.72,3.824,1744.0,47.64,11.879,61.9,911,341,0
2.672,76.67,4.35,1530.1,48.02,10.183,57.1,1799,74,0
3.762,86.81,3.998,1438.9,36.7,16.192,41.0,461,289,1
3.288,79.03,4.563,1416.8,45.44,11.043,67.6,1634,44,0
3.195,65.33,4.317,1450.8,57.18,9.693,45.2,1641,143,0
2.136,67.04,4.588,1717.7,38.32,11.813,43.8,286,136,0
1.789,76.03,4.511,1460.1,44.57,13.816,53.6,1029,207,0
3.264,51.86,4.007,1590.7,54.71,12.035,63.8,129,230,0
3.201,91.73,4.813,1462.4,50.52,12.971,76.4,956,271,0
3.678,79.42,4.476,1526.1,42.43,10.257,37.1,671,94,0
2.017,87.27,4.006,1579.2,46.03,14.975,49.8,1787,260,0
2.316,59.19,5.62,1442.8,44.99,13.123,33.3,499,126,0
1.188,87.45,4.738,1435.9,41.26,14.095,67.9,276,166,0
2.186,97.31,4.423,1665.9,44.63,12.73,52.4,1107,17,0
3.297,61.79,5.208,1598.5,43.6,13.65,65.3,1142,147,0
2.127,82.71,5.421,1579.1,45.56,10.254,46.1,29,246,0
3.012,75.01,4.427,1578.7,41.26,11.017,72.2,1005,129,0
2.348,59.56,4.674,1546.0,38.62,14.693,56.7,1382,295,0
2.759,79.93,4.006,1701.8,44.79,15.119,77.2,650,265,0
1.582,83.34,4.426,1504.4,53.58,9.706,33.9,1181,319,0
2.568,68.99,4.4,1557.7,45.41,12.499,55.7,31,41,0
0.107,86.66,4.592,1354.9,43.34,11.138,68.3,843,202,0
2.35,58.33,4.666,1417.5,48.77,10.606,60.0,1310,180,0
1.196,60.05,4.78,1379.9,44.21,12.57,31.2,1689,348,0
3.465,76.37,4.619,1627.4,54.34,14.282,78.6,336,180,0
3.122,75.25,3.895,1244.7,44.98,12.903,44.9,570,295,0
2.873,67.83,4.031,1459.8,48.5,11.361,42.5,313,143,0
3.717,83.1,4.227,1200.6,41.23,13.03,54.3,599,60,0
1.741,80.31,4.359,1416.9,47.52,11.28,57.1,1147,208,0
3.898,83.58,5.025,1450.9,46.38,12.824,68.3,1727,165,1
3.246,73.77,3.919,1638.5,44.72,14.793,49.7,865,299,0
2.311,81.03,4.321,1539.7,42.49,7.846,52.0,371,142,0
3.408,70.54,4.977,1416.7,41.81,13.595,56.7,805,350,0
1.615,95.54,4.35,1606.6,46.41,8.922,49.7,314,60,0
1.84,66.87,4.73,1501.8,48.14,14.457,75.7,28,262,0
2.013,96.05,4.43,1503.8,44.36,10.726,72.6,1179,123,0
2.077,75.35,4.628,1379.7,46.44,9.565,52.7,966,237,0
1.655,61.24,4.386,1401.0,44.81,13.391,30.0,1254,29,0
3.478,88.68,4.834,1417.5,45.49,12.728,75.0,1573,254,0
2.293,76.26,3.727,1504.6,44.0,10.002,36.2,1030,89,0
2.782,83.51,4.318,1507.8,45.09,9.494,42.2,473,138,0
2.044,87.24,4.648,1654.4,58.49,11.625,37.6,1342,361,0
1.044,78.38,4.767,1538.5,46.56,9.592,39.0,1249,347,0
2.716,69.08,5.246,1229.2,48.23,9.877,70.1,1057,206,0
0.97,84.76,4.304,1526.3,47.19,12.231,59.0,89,92,0
2.445,75.01,5.24,1355.0,43.69,10.068,77.8,1358,133,0
1.405,81.86,4.17,1403.4,51.47,12.853,41.6,40,203,0
4.09,53.46,5.164,1418.8,43.54,14.98,54.3,681,306,1
3.229,79.47,4.909,1433.7,50.28,11.703,78.9,375,335,0
2.585,68.61,4.043,1362.5,43.33,12.26,71.3,1322,109,0
3.511,91.53,4.654,1520.3,40.2,16.036,66.4,998,37,1
1.823,81.23,4.474,1358.9,46.83,9.625,39.4,393,21,0
2.935,77.4,4.813,1535.7,39.48,14.382,68.5,1042,224,0
2.66,79.86,4.388,1723.7,47.68,14.142,47.4,1551,345,0
2.711,65.02,4.346,1367.1,39.03,13.709,56.5,132,167,0
3.518,91.23,5.185,1471.5,43.4,14.583,60.5,290,134,1
3.086,94.91,4.451,1247.7,37.84,12.561,60.5,806,109,0
2.731,78.93,4.913,1469.9,59.12,10.834,66.3,209,223,0
1.176,90.9,4.387,1564.3,36.73,14.189,63.1,327,167,0
1.732,69.31,5.333,1572.1,45.05,14.266,33.4,992,106,0
2.402,67.03,4.161,1507.7,50.72,14.211,52.9,503,23,0
2.575,75.41,4.193,1588.9,50.18,12.089,63.2,279,296,0
1.596,79.35,5.262,1754.6,49.26,10.568,44.8,1406,306,0
4.429,71.06,4.278,1671.2,43.41,12.383,45.7,788,357,1
3.713,80.38,5.301,1447.7,51.76,13.884,36.2,1007,210,0
2.982,78.06,4.946,1354.9,49.57,14.049,50.9,952,170,0
2.558,65.02,4.423,1459.4,46.06,11.141,79.3,1333,68,0
2.33,80.19,3.593,1405.3,46.2,12.631,44.3,277,221,0
1.738,83.64,4.49,1545.1,43.48,9.382,56.6,1100,152,0
2.562,76.71,4.551,1381.9,40.45,13.97,67.2,298,349,0
2.706,86.53,5.084,1492.7,51.19,10.433,30.7,1402,280,0
1.507,62.83,5.294,1583.8,51.56,13.571,75.0,433,200,0
2.767,79.68,4.158,1489.9,40.58,9.701,49.3,1010,218,0
2.376,63.3,4.901,1405.4,44.23,14.063,73.5,1136,103,0
